STRUCTURE,STRUCTURE_ID,STRUCTURE_NAME,ACTION,REF_AREA,Reference area,FREQ,Frequency of observation,MEASURE,Measure,UNIT_MEASURE,Unit of measure,ACTIVITY,Economic activity,ADJUSTMENT,Adjustment,TRANSFORMATION,Transformation,TIME_HORIZ,Time horizon,METHODOLOGY,Calculation methodology,TIME_PERIOD,Time period,OBS_VALUE,Observation value,OBS_STATUS,Observation status,UNIT_MULT,Unit multiplier,DECIMALS,Decimals,BASE_PER,Base period
DATAFLOW,OECD.SDD.STES:DSD_STES@DF_MONAGG(4.0),Monetary aggregates,I,ISR,Israel,M,Monthly,MABM,M3,IX,Index,_Z,Not applicable,Y,Calendar and seasonally adjusted,_Z,Not applicable,_Z,Not applicable,N,National,2024-06,,209.7229,,A,Normal value,0,Units,2,Two,2015,
DATAFLOW,OECD.SDD.STES:DSD_STES@DF_MONAGG(4.0),Monetary aggregates,I,CRI,Costa Rica,M,Monthly,MANM,M1,IX,Index,_Z,Not applicable,Y,Calendar and seasonally adjusted,_Z,Not applicable,_Z,Not applicable,N,National,2024-04,,221.8944,,A,Normal value,0,Units,2,Two,2015,
DATAFLOW,OECD.SDD.STES:DSD_STES@DF_MONAGG(4.0),Monetary aggregates,I,GBR,United Kingdom,M,Monthly,MABM,M3,IX,Index,_Z,Not applicable,Y,Calendar and seasonally adjusted,_Z,Not applicable,_Z,Not applicable,N,National,2024-06,,149.1466,,A,Normal value,0,Units,2,Two,2015,
DATAFLOW,OECD.SDD.STES:DSD_STES@DF_MONAGG(4.0),Monetary aggregates,I,GBR,United Kingdom,M,Monthly,MABM,M3,IX,Index,_Z,Not applicable,Y,Calendar and seasonally adjusted,_Z,Not applicable,_Z,Not applicable,N,National,2024-05,,149.4934,,A,Normal value,0,Units,2,Two,2015,
DATAFLOW,OECD.SDD.STES:DSD_STES@DF_MONAGG(4.0),Monetary aggregates,I,AUS,Australia,M,Monthly,MABM,M3,IX,Index,_Z,Not applicable,Y,Calendar and seasonally adjusted,_Z,Not applicable,_Z,Not applicable,N,National,2024-04,,168.6033,,A,Normal value,0,Units,2,Two,2015,
DATAFLOW,OECD.SDD.STES:DSD_STES@DF_MONAGG(4.0),Monetary aggregates,I,USA,United States,M,Monthly,MANM,M1,IX,Index,_Z,Not applicable,Y,Calendar and seasonally adjusted,_Z,Not applicable,_Z,Not applicable,N,National,2024-06,,597.7745,,A,Normal value,0,Units,2,Two,2015,
DATAFLOW,OECD.SDD.STES:DSD_STES@DF_MONAGG(4.0),Monetary aggregates,I,USA,United States,M,Monthly,MABM,M3,IX,Index,_Z,Not applicable,Y,Calendar and seasonally adjusted,_Z,Not applicable,_Z,Not applicable,N,National,2024-03,,172.9721,,A,Normal value,0,Units,2,Two,2015,
DATAFLOW,OECD.SDD.STES:DSD_STES@DF_MONAGG(4.0),Monetary aggregates,I,EA19,Euro area (19 countries),M,Monthly,MABM,M3,IX,Index,_Z,Not applicable,Y,Calendar and seasonally adjusted,_Z,Not applicable,_Z,Not applicable,N,National,2024-04,,152.7466,,A,Normal value,0,Units,2,Two,2015,
DATAFLOW,OECD.SDD.STES:DSD_STES@DF_MONAGG(4.0),Monetary aggregates,I,EA19,Euro area (19 countries),M,Monthly,MABM,M3,IX,Index,_Z,Not applicable,Y,Calendar and seasonally adjusted,_Z,Not applicable,_Z,Not applicable,N,National,2024-03,,152.0255,,A,Normal value,0,Units,2,Two,2015,
DATAFLOW,OECD.SDD.STES:DSD_STES@DF_MONAGG(4.0),Monetary aggregates,I,EA19,Euro area (19 countries),M,Monthly,MABM,M3,IX,Index,_Z,Not applicable,Y,Calendar and seasonally adjusted,_Z,Not applicable,_Z,Not applicable,N,National,2024-07,,154.5822,,A,Normal value,0,Units,2,Two,2015,
DATAFLOW,OECD.SDD.STES:DSD_STES@DF_MONAGG(4.0),Monetary aggregates,I,EA19,Euro area (19 countries),M,Monthly,MABM,M3,IX,Index,_Z,Not applicable,Y,Calendar and seasonally adjusted,_Z,Not applicable,_Z,Not applicable,N,National,2024-06,,153.9091,,A,Normal value,0,Units,2,Two,2015,
DATAFLOW,OECD.SDD.STES:DSD_STES@DF_MONAGG(4.0),Monetary aggregates,I,ISL,Iceland,M,Monthly,MANM,M1,IX,Index,_Z,Not applicable,Y,Calendar and seasonally adjusted,_Z,Not applicable,_Z,Not applicable,N,National,2024-04,,169.4982,,A,Normal value,0,Units,2,Two,2015,
DATAFLOW,OECD.SDD.STES:DSD_STES@DF_MONAGG(4.0),Monetary aggregates,I,ISL,Iceland,M,Monthly,MANM,M1,IX,Index,_Z,Not applicable,Y,Calendar and seasonally adjusted,_Z,Not applicable,_Z,Not applicable,N,National,2024-03,,169.5705,,A,Normal value,0,Units,2,Two,2015,
DATAFLOW,OECD.SDD.STES:DSD_STES@DF_MONAGG(4.0),Monetary aggregates,I,ISL,Iceland,M,Monthly,MANM,M1,IX,Index,_Z,Not applicable,Y,Calendar and seasonally adjusted,_Z,Not applicable,_Z,Not applicable,N,National,2024-07,,169.7833,,A,Normal value,0,Units,2,Two,2015,
DATAFLOW,OECD.SDD.STES:DSD_STES@DF_MONAGG(4.0),Monetary aggregates,I,ISL,Iceland,M,Monthly,MANM,M1,IX,Index,_Z,Not applicable,Y,Calendar and seasonally adjusted,_Z,Not applicable,_Z,Not applicable,N,National,2024-06,,169.4837,,A,Normal value,0,Units,2,Two,2015,
DATAFLOW,OECD.SDD.STES:DSD_STES@DF_MONAGG(4.0),Monetary aggregates,I,KOR,Korea,M,Monthly,MANM,M1,IX,Index,_Z,Not applicable,Y,Calendar and seasonally adjusted,_Z,Not applicable,_Z,Not applicable,N,National,2024-05,,192.0003,,A,Normal value,0,Units,2,Two,2015,
DATAFLOW,OECD.SDD.STES:DSD_STES@DF_MONAGG(4.0),Monetary aggregates,I,GBR,United Kingdom,M,Monthly,MABM,M3,IX,Index,_Z,Not applicable,Y,Calendar and seasonally adjusted,_Z,Not applicable,_Z,Not applicable,N,National,2024-03,,149.3784,,A,Normal value,0,Units,2,Two,2015,
DATAFLOW,OECD.SDD.STES:DSD_STES@DF_MONAGG(4.0),Monetary aggregates,I,GBR,United Kingdom,M,Monthly,MABM,M3,IX,Index,_Z,Not applicable,Y,Calendar and seasonally adjusted,_Z,Not applicable,_Z,Not applicable,N,National,2024-07,,149.1795,,A,Normal value,0,Units,2,Two,2015,
DATAFLOW,OECD.SDD.STES:DSD_STES@DF_MONAGG(4.0),Monetary aggregates,I,AUS,Australia,M,Monthly,MANM,M1,IX,Index,_Z,Not applicable,Y,Calendar and seasonally adjusted,_Z,Not applicable,_Z,Not applicable,N,National,2024-04,,243.4325,,A,Normal value,0,Units,2,Two,2015,
DATAFLOW,OECD.SDD.STES:DSD_STES@DF_MONAGG(4.0),Monetary aggregates,I,AUS,Australia,M,Monthly,MANM,M1,IX,Index,_Z,Not applicable,Y,Calendar and seasonally adjusted,_Z,Not applicable,_Z,Not applicable,N,National,2024-03,,242.8548,,A,Normal value,0,Units,2,Two,2015,
DATAFLOW,OECD.SDD.STES:DSD_STES@DF_MONAGG(4.0),Monetary aggregates,I,ISL,Iceland,M,Monthly,MABM,M3,IX,Index,_Z,Not applicable,Y,Calendar and seasonally adjusted,_Z,Not applicable,_Z,Not applicable,N,National,2024-04,,165.2517,,A,Normal value,0,Units,2,Two,2015,
DATAFLOW,OECD.SDD.STES:DSD_STES@DF_MONAGG(4.0),Monetary aggregates,I,ISL,Iceland,M,Monthly,MABM,M3,IX,Index,_Z,Not applicable,Y,Calendar and seasonally adjusted,_Z,Not applicable,_Z,Not applicable,N,National,2024-03,,164.8386,,A,Normal value,0,Units,2,Two,2015,
DATAFLOW,OECD.SDD.STES:DSD_STES@DF_MONAGG(4.0),Monetary aggregates,I,ISL,Iceland,M,Monthly,MABM,M3,IX,Index,_Z,Not applicable,Y,Calendar and seasonally adjusted,_Z,Not applicable,_Z,Not applicable,N,National,2024-06,,166.3905,,A,Normal value,0,Units,2,Two,2015,
DATAFLOW,OECD.SDD.STES:DSD_STES@DF_MONAGG(4.0),Monetary aggregates,I,ISL,Iceland,M,Monthly,MABM,M3,IX,Index,_Z,Not applicable,Y,Calendar and seasonally adjusted,_Z,Not applicable,_Z,Not applicable,N,National,2024-07,,167.3268,,A,Normal value,0,Units,2,Two,2015,
DATAFLOW,OECD.SDD.STES:DSD_STES@DF_MONAGG(4.0),Monetary aggregates,I,EA19,Euro area (19 countries),M,Monthly,MANM,M1,IX,Index,_Z,Not applicable,Y,Calendar and seasonally adjusted,_Z,Not applicable,_Z,Not applicable,N,National,2024-03,,161.7335,,A,Normal value,0,Units,2,Two,2015,
DATAFLOW,OECD.SDD.STES:DSD_STES@DF_MONAGG(4.0),Monetary aggregates,I,EA19,Euro area (19 countries),M,Monthly,MANM,M1,IX,Index,_Z,Not applicable,Y,Calendar and seasonally adjusted,_Z,Not applicable,_Z,Not applicable,N,National,2024-07,,163.9865,,A,Normal value,0,Units,2,Two,2015,
DATAFLOW,OECD.SDD.STES:DSD_STES@DF_MONAGG(4.0),Monetary aggregates,I,EA19,Euro area (19 countries),M,Monthly,MANM,M1,IX,Index,_Z,Not applicable,Y,Calendar and seasonally adjusted,_Z,Not applicable,_Z,Not applicable,N,National,2024-06,,163.5181,,A,Normal value,0,Units,2,Two,2015,
DATAFLOW,OECD.SDD.STES:DSD_STES@DF_MONAGG(4.0),Monetary aggregates,I,EA19,Euro area (19 countries),M,Monthly,MANM,M1,IX,Index,_Z,Not applicable,Y,Calendar and seasonally adjusted,_Z,Not applicable,_Z,Not applicable,N,National,2024-05,,162.1599,,A,Normal value,0,Units,2,Two,2015,
DATAFLOW,OECD.SDD.STES:DSD_STES@DF_MONAGG(4.0),Monetary aggregates,I,KOR,Korea,M,Monthly,MABM,M3,IX,Index,_Z,Not applicable,Y,Calendar and seasonally adjusted,_Z,Not applicable,_Z,Not applicable,N,National,2024-04,,182.5853,,A,Normal value,0,Units,2,Two,2015,
DATAFLOW,OECD.SDD.STES:DSD_STES@DF_MONAGG(4.0),Monetary aggregates,I,KOR,Korea,M,Monthly,MABM,M3,IX,Index,_Z,Not applicable,Y,Calendar and seasonally adjusted,_Z,Not applicable,_Z,Not applicable,N,National,2024-03,,181.4203,,A,Normal value,0,Units,2,Two,2015,
DATAFLOW,OECD.SDD.STES:DSD_STES@DF_MONAGG(4.0),Monetary aggregates,I,KOR,Korea,M,Monthly,MABM,M3,IX,Index,_Z,Not applicable,Y,Calendar and seasonally adjusted,_Z,Not applicable,_Z,Not applicable,N,National,2024-06,,183.7097,,A,Normal value,0,Units,2,Two,2015,
DATAFLOW,OECD.SDD.STES:DSD_STES@DF_MONAGG(4.0),Monetary aggregates,I,COL,Colombia,M,Monthly,MANM,M1,IX,Index,_Z,Not applicable,Y,Calendar and seasonally adjusted,_Z,Not applicable,_Z,Not applicable,N,National,2024-03,,193.3278,,A,Normal value,0,Units,2,Two,2015,
DATAFLOW,OECD.SDD.STES:DSD_STES@DF_MONAGG(4.0),Monetary aggregates,I,COL,Colombia,M,Monthly,MANM,M1,IX,Index,_Z,Not applicable,Y,Calendar and seasonally adjusted,_Z,Not applicable,_Z,Not applicable,N,National,2024-07,,198.8936,,A,Normal value,0,Units,2,Two,2015,
DATAFLOW,OECD.SDD.STES:DSD_STES@DF_MONAGG(4.0),Monetary aggregates,I,COL,Colombia,M,Monthly,MANM,M1,IX,Index,_Z,Not applicable,Y,Calendar and seasonally adjusted,_Z,Not applicable,_Z,Not applicable,N,National,2024-06,,196.8833,,A,Normal value,0,Units,2,Two,2015,
DATAFLOW,OECD.SDD.STES:DSD_STES@DF_MONAGG(4.0),Monetary aggregates,I,COL,Colombia,M,Monthly,MANM,M1,IX,Index,_Z,Not applicable,Y,Calendar and seasonally adjusted,_Z,Not applicable,_Z,Not applicable,N,National,2024-05,,196.6372,,A,Normal value,0,Units,2,Two,2015,
DATAFLOW,OECD.SDD.STES:DSD_STES@DF_MONAGG(4.0),Monetary aggregates,I,JPN,Japan,M,Monthly,MANM,M1,IX,Index,_Z,Not applicable,Y,Calendar and seasonally adjusted,_Z,Not applicable,_Z,Not applicable,N,National,2024-03,,178.1516,,A,Normal value,0,Units,2,Two,2015,
DATAFLOW,OECD.SDD.STES:DSD_STES@DF_MONAGG(4.0),Monetary aggregates,I,JPN,Japan,M,Monthly,MANM,M1,IX,Index,_Z,Not applicable,Y,Calendar and seasonally adjusted,_Z,Not applicable,_Z,Not applicable,N,National,2024-07,,177.3239,,A,Normal value,0,Units,2,Two,2015,
DATAFLOW,OECD.SDD.STES:DSD_STES@DF_MONAGG(4.0),Monetary aggregates,I,JPN,Japan,M,Monthly,MANM,M1,IX,Index,_Z,Not applicable,Y,Calendar and seasonally adjusted,_Z,Not applicable,_Z,Not applicable,N,National,2024-06,,177.1061,,A,Normal value,0,Units,2,Two,2015,
DATAFLOW,OECD.SDD.STES:DSD_STES@DF_MONAGG(4.0),Monetary aggregates,I,JPN,Japan,M,Monthly,MANM,M1,IX,Index,_Z,Not applicable,Y,Calendar and seasonally adjusted,_Z,Not applicable,_Z,Not applicable,N,National,2024-05,,176.8287,,A,Normal value,0,Units,2,Two,2015,
DATAFLOW,OECD.SDD.STES:DSD_STES@DF_MONAGG(4.0),Monetary aggregates,I,COL,Colombia,M,Monthly,MABM,M3,IX,Index,_Z,Not applicable,Y,Calendar and seasonally adjusted,_Z,Not applicable,_Z,Not applicable,N,National,2024-04,,210.8028,,A,Normal value,0,Units,2,Two,2015,
DATAFLOW,OECD.SDD.STES:DSD_STES@DF_MONAGG(4.0),Monetary aggregates,I,AUS,Australia,M,Monthly,MABM,M3,IX,Index,_Z,Not applicable,Y,Calendar and seasonally adjusted,_Z,Not applicable,_Z,Not applicable,N,National,2024-03,,167.9113,,A,Normal value,0,Units,2,Two,2015,
DATAFLOW,OECD.SDD.STES:DSD_STES@DF_MONAGG(4.0),Monetary aggregates,I,AUS,Australia,M,Monthly,MABM,M3,IX,Index,_Z,Not applicable,Y,Calendar and seasonally adjusted,_Z,Not applicable,_Z,Not applicable,N,National,2024-06,,169.5503,,A,Normal value,0,Units,2,Two,2015,
DATAFLOW,OECD.SDD.STES:DSD_STES@DF_MONAGG(4.0),Monetary aggregates,I,AUS,Australia,M,Monthly,MABM,M3,IX,Index,_Z,Not applicable,Y,Calendar and seasonally adjusted,_Z,Not applicable,_Z,Not applicable,N,National,2024-07,,170.3515,,A,Normal value,0,Units,2,Two,2015,
DATAFLOW,OECD.SDD.STES:DSD_STES@DF_MONAGG(4.0),Monetary aggregates,I,CRI,Costa Rica,M,Monthly,MANM,M1,IX,Index,_Z,Not applicable,Y,Calendar and seasonally adjusted,_Z,Not applicable,_Z,Not applicable,N,National,2024-03,,219.4574,,A,Normal value,0,Units,2,Two,2015,
DATAFLOW,OECD.SDD.STES:DSD_STES@DF_MONAGG(4.0),Monetary aggregates,I,CRI,Costa Rica,M,Monthly,MANM,M1,IX,Index,_Z,Not applicable,Y,Calendar and seasonally adjusted,_Z,Not applicable,_Z,Not applicable,N,National,2024-07,,226.1204,,A,Normal value,0,Units,2,Two,2015,
DATAFLOW,OECD.SDD.STES:DSD_STES@DF_MONAGG(4.0),Monetary aggregates,I,CRI,Costa Rica,M,Monthly,MANM,M1,IX,Index,_Z,Not applicable,Y,Calendar and seasonally adjusted,_Z,Not applicable,_Z,Not applicable,N,National,2024-06,,224.2275,,A,Normal value,0,Units,2,Two,2015,
DATAFLOW,OECD.SDD.STES:DSD_STES@DF_MONAGG(4.0),Monetary aggregates,I,CRI,Costa Rica,M,Monthly,MABM,M3,IX,Index,_Z,Not applicable,Y,Calendar and seasonally adjusted,_Z,Not applicable,_Z,Not applicable,N,National,2024-03,,155.887,,A,Normal value,0,Units,2,Two,2015,
DATAFLOW,OECD.SDD.STES:DSD_STES@DF_MONAGG(4.0),Monetary aggregates,I,CRI,Costa Rica,M,Monthly,MABM,M3,IX,Index,_Z,Not applicable,Y,Calendar and seasonally adjusted,_Z,Not applicable,_Z,Not applicable,N,National,2024-07,,160.0332,,A,Normal value,0,Units,2,Two,2015,
DATAFLOW,OECD.SDD.STES:DSD_STES@DF_MONAGG(4.0),Monetary aggregates,I,CRI,Costa Rica,M,Monthly,MABM,M3,IX,Index,_Z,Not applicable,Y,Calendar and seasonally adjusted,_Z,Not applicable,_Z,Not applicable,N,National,2024-06,,158.9081,,A,Normal value,0,Units,2,Two,2015,
DATAFLOW,OECD.SDD.STES:DSD_STES@DF_MONAGG(4.0),Monetary aggregates,I,CRI,Costa Rica,M,Monthly,MABM,M3,IX,Index,_Z,Not applicable,Y,Calendar and seasonally adjusted,_Z,Not applicable,_Z,Not applicable,N,National,2024-05,,157.6356,,A,Normal value,0,Units,2,Two,2015,
DATAFLOW,OECD.SDD.STES:DSD_STES@DF_MONAGG(4.0),Monetary aggregates,I,GBR,United Kingdom,M,Monthly,MANM,M1,IX,Index,_Z,Not applicable,Y,Calendar and seasonally adjusted,_Z,Not applicable,_Z,Not applicable,N,National,2024-04,,156.8929,,A,Normal value,0,Units,2,Two,2015,
DATAFLOW,OECD.SDD.STES:DSD_STES@DF_MONAGG(4.0),Monetary aggregates,I,GBR,United Kingdom,M,Monthly,MANM,M1,IX,Index,_Z,Not applicable,Y,Calendar and seasonally adjusted,_Z,Not applicable,_Z,Not applicable,N,National,2024-03,,157.1947,,A,Normal value,0,Units,2,Two,2015,
DATAFLOW,OECD.SDD.STES:DSD_STES@DF_MONAGG(4.0),Monetary aggregates,I,GBR,United Kingdom,M,Monthly,MANM,M1,IX,Index,_Z,Not applicable,Y,Calendar and seasonally adjusted,_Z,Not applicable,_Z,Not applicable,N,National,2024-07,,155.2589,,A,Normal value,0,Units,2,Two,2015,
DATAFLOW,OECD.SDD.STES:DSD_STES@DF_MONAGG(4.0),Monetary aggregates,I,GBR,United Kingdom,M,Monthly,MANM,M1,IX,Index,_Z,Not applicable,Y,Calendar and seasonally adjusted,_Z,Not applicable,_Z,Not applicable,N,National,2024-06,,155.6344,,A,Normal value,0,Units,2,Two,2015,
DATAFLOW,OECD.SDD.STES:DSD_STES@DF_MONAGG(4.0),Monetary aggregates,I,ISR,Israel,M,Monthly,MANM,M1,IX,Index,_Z,Not applicable,Y,Calendar and seasonally adjusted,_Z,Not applicable,_Z,Not applicable,N,National,2024-04,,213.3042,,A,Normal value,0,Units,2,Two,2015,
DATAFLOW,OECD.SDD.STES:DSD_STES@DF_MONAGG(4.0),Monetary aggregates,I,ISR,Israel,M,Monthly,MANM,M1,IX,Index,_Z,Not applicable,Y,Calendar and seasonally adjusted,_Z,Not applicable,_Z,Not applicable,N,National,2024-03,,214.1395,,A,Normal value,0,Units,2,Two,2015,
DATAFLOW,OECD.SDD.STES:DSD_STES@DF_MONAGG(4.0),Monetary aggregates,I,ISR,Israel,M,Monthly,MANM,M1,IX,Index,_Z,Not applicable,Y,Calendar and seasonally adjusted,_Z,Not applicable,_Z,Not applicable,N,National,2024-07,,213.7645,,A,Normal value,0,Units,2,Two,2015,
DATAFLOW,OECD.SDD.STES:DSD_STES@DF_MONAGG(4.0),Monetary aggregates,I,ISR,Israel,M,Monthly,MANM,M1,IX,Index,_Z,Not applicable,Y,Calendar and seasonally adjusted,_Z,Not applicable,_Z,Not applicable,N,National,2024-06,,213.623,,A,Normal value,0,Units,2,Two,2015,
DATAFLOW,OECD.SDD.STES:DSD_STES@DF_MONAGG(4.0),Monetary aggregates,I,CAN,Canada,M,Monthly,MANM,M1,IX,Index,_Z,Not applicable,Y,Calendar and seasonally adjusted,_Z,Not applicable,_Z,Not applicable,N,National,2024-06,,197.3163,,A,Normal value,0,Units,2,Two,2015,
DATAFLOW,OECD.SDD.STES:DSD_STES@DF_MONAGG(4.0),Monetary aggregates,I,CAN,Canada,M,Monthly,MANM,M1,IX,Index,_Z,Not applicable,Y,Calendar and seasonally adjusted,_Z,Not applicable,_Z,Not applicable,N,National,2024-05,,196.1672,,A,Normal value,0,Units,2,Two,2015,
DATAFLOW,OECD.SDD.STES:DSD_STES@DF_MONAGG(4.0),Monetary aggregates,I,CAN,Canada,M,Monthly,MANM,M1,IX,Index,_Z,Not applicable,Y,Calendar and seasonally adjusted,_Z,Not applicable,_Z,Not applicable,N,National,2024-04,,194.7363,,A,Normal value,0,Units,2,Two,2015,
DATAFLOW,OECD.SDD.STES:DSD_STES@DF_MONAGG(4.0),Monetary aggregates,I,HUN,Hungary,M,Monthly,MABM,M3,IX,Index,_Z,Not applicable,Y,Calendar and seasonally adjusted,_Z,Not applicable,_Z,Not applicable,N,National,2024-03,,230.8784,,A,Normal value,0,Units,2,Two,2015,
DATAFLOW,OECD.SDD.STES:DSD_STES@DF_MONAGG(4.0),Monetary aggregates,I,HUN,Hungary,M,Monthly,MABM,M3,IX,Index,_Z,Not applicable,Y,Calendar and seasonally adjusted,_Z,Not applicable,_Z,Not applicable,N,National,2024-07,,239.9402,,A,Normal value,0,Units,2,Two,2015,
DATAFLOW,OECD.SDD.STES:DSD_STES@DF_MONAGG(4.0),Monetary aggregates,I,HUN,Hungary,M,Monthly,MABM,M3,IX,Index,_Z,Not applicable,Y,Calendar and seasonally adjusted,_Z,Not applicable,_Z,Not applicable,N,National,2024-06,,238.8194,,A,Normal value,0,Units,2,Two,2015,
DATAFLOW,OECD.SDD.STES:DSD_STES@DF_MONAGG(4.0),Monetary aggregates,I,HUN,Hungary,M,Monthly,MABM,M3,IX,Index,_Z,Not applicable,Y,Calendar and seasonally adjusted,_Z,Not applicable,_Z,Not applicable,N,National,2024-05,,236.7639,,A,Normal value,0,Units,2,Two,2015,
DATAFLOW,OECD.SDD.STES:DSD_STES@DF_MONAGG(4.0),Monetary aggregates,I,CAN,Canada,M,Monthly,MABM,M3,IX,Index,_Z,Not applicable,Y,Calendar and seasonally adjusted,_Z,Not applicable,_Z,Not applicable,N,National,2024-04,,187.6776,,A,Normal value,0,Units,2,Two,2015,
DATAFLOW,OECD.SDD.STES:DSD_STES@DF_MONAGG(4.0),Monetary aggregates,I,CAN,Canada,M,Monthly,MABM,M3,IX,Index,_Z,Not applicable,Y,Calendar and seasonally adjusted,_Z,Not applicable,_Z,Not applicable,N,National,2024-03,,187.1835,,A,Normal value,0,Units,2,Two,2015,
DATAFLOW,OECD.SDD.STES:DSD_STES@DF_MONAGG(4.0),Monetary aggregates,I,CAN,Canada,M,Monthly,MABM,M3,IX,Index,_Z,Not applicable,Y,Calendar and seasonally adjusted,_Z,Not applicable,_Z,Not applicable,N,National,2024-06,,191.4624,,A,Normal value,0,Units,2,Two,2015,
DATAFLOW,OECD.SDD.STES:DSD_STES@DF_MONAGG(4.0),Monetary aggregates,I,HUN,Hungary,M,Monthly,MANM,M1,IX,Index,_Z,Not applicable,Y,Calendar and seasonally adjusted,_Z,Not applicable,_Z,Not applicable,N,National,2024-04,,278.5472,,A,Normal value,0,Units,2,Two,2015,
DATAFLOW,OECD.SDD.STES:DSD_STES@DF_MONAGG(4.0),Monetary aggregates,I,HUN,Hungary,M,Monthly,MANM,M1,IX,Index,_Z,Not applicable,Y,Calendar and seasonally adjusted,_Z,Not applicable,_Z,Not applicable,N,National,2024-03,,275.9648,,A,Normal value,0,Units,2,Two,2015,
DATAFLOW,OECD.SDD.STES:DSD_STES@DF_MONAGG(4.0),Monetary aggregates,I,HUN,Hungary,M,Monthly,MANM,M1,IX,Index,_Z,Not applicable,Y,Calendar and seasonally adjusted,_Z,Not applicable,_Z,Not applicable,N,National,2024-07,,283.5226,,A,Normal value,0,Units,2,Two,2015,
DATAFLOW,OECD.SDD.STES:DSD_STES@DF_MONAGG(4.0),Monetary aggregates,I,HUN,Hungary,M,Monthly,MANM,M1,IX,Index,_Z,Not applicable,Y,Calendar and seasonally adjusted,_Z,Not applicable,_Z,Not applicable,N,National,2024-06,,282.6007,,A,Normal value,0,Units,2,Two,2015,
DATAFLOW,OECD.SDD.STES:DSD_STES@DF_MONAGG(4.0),Monetary aggregates,I,BRA,Brazil,M,Monthly,MANM,M1,IX,Index,_Z,Not applicable,Y,Calendar and seasonally adjusted,_Z,Not applicable,_Z,Not applicable,N,National,2024-03,,193.9294,,A,Normal value,0,Units,2,Two,2015,
DATAFLOW,OECD.SDD.STES:DSD_STES@DF_MONAGG(4.0),Monetary aggregates,I,BRA,Brazil,M,Monthly,MANM,M1,IX,Index,_Z,Not applicable,Y,Calendar and seasonally adjusted,_Z,Not applicable,_Z,Not applicable,N,National,2024-07,,202.0912,,A,Normal value,0,Units,2,Two,2015,
DATAFLOW,OECD.SDD.STES:DSD_STES@DF_MONAGG(4.0),Monetary aggregates,I,BRA,Brazil,M,Monthly,MANM,M1,IX,Index,_Z,Not applicable,Y,Calendar and seasonally adjusted,_Z,Not applicable,_Z,Not applicable,N,National,2024-06,,203.843,,A,Normal value,0,Units,2,Two,2015,
DATAFLOW,OECD.SDD.STES:DSD_STES@DF_MONAGG(4.0),Monetary aggregates,I,BRA,Brazil,M,Monthly,MANM,M1,IX,Index,_Z,Not applicable,Y,Calendar and seasonally adjusted,_Z,Not applicable,_Z,Not applicable,N,National,2024-05,,201.13,,A,Normal value,0,Units,2,Two,2015,
DATAFLOW,OECD.SDD.STES:DSD_STES@DF_MONAGG(4.0),Monetary aggregates,I,OECD,OECD,M,Monthly,MANM,M1,IX,Index,_Z,Not applicable,Y,Calendar and seasonally adjusted,_Z,Not applicable,_Z,Not applicable,N,National,2024-04,,439.3014,,A,Normal value,0,Units,2,Two,2015,
DATAFLOW,OECD.SDD.STES:DSD_STES@DF_MONAGG(4.0),Monetary aggregates,I,OECD,OECD,M,Monthly,MANM,M1,IX,Index,_Z,Not applicable,Y,Calendar and seasonally adjusted,_Z,Not applicable,_Z,Not applicable,N,National,2024-03,,439.2628,,A,Normal value,0,Units,2,Two,2015,
DATAFLOW,OECD.SDD.STES:DSD_STES@DF_MONAGG(4.0),Monetary aggregates,I,OECD,OECD,M,Monthly,MANM,M1,IX,Index,_Z,Not applicable,Y,Calendar and seasonally adjusted,_Z,Not applicable,_Z,Not applicable,N,National,2024-06,,440.041,,A,Normal value,0,Units,2,Two,2015,
DATAFLOW,OECD.SDD.STES:DSD_STES@DF_MONAGG(4.0),Monetary aggregates,I,JPN,Japan,M,Monthly,MABM,M3,IX,Index,_Z,Not applicable,Y,Calendar and seasonally adjusted,_Z,Not applicable,_Z,Not applicable,N,National,2024-04,,131.3844,,A,Normal value,0,Units,2,Two,2015,
DATAFLOW,OECD.SDD.STES:DSD_STES@DF_MONAGG(4.0),Monetary aggregates,I,JPN,Japan,M,Monthly,MABM,M3,IX,Index,_Z,Not applicable,Y,Calendar and seasonally adjusted,_Z,Not applicable,_Z,Not applicable,N,National,2024-03,,131.4721,,A,Normal value,0,Units,2,Two,2015,
DATAFLOW,OECD.SDD.STES:DSD_STES@DF_MONAGG(4.0),Monetary aggregates,I,JPN,Japan,M,Monthly,MABM,M3,IX,Index,_Z,Not applicable,Y,Calendar and seasonally adjusted,_Z,Not applicable,_Z,Not applicable,N,National,2024-07,,131.1242,,A,Normal value,0,Units,2,Two,2015,
DATAFLOW,OECD.SDD.STES:DSD_STES@DF_MONAGG(4.0),Monetary aggregates,I,JPN,Japan,M,Monthly,MABM,M3,IX,Index,_Z,Not applicable,Y,Calendar and seasonally adjusted,_Z,Not applicable,_Z,Not applicable,N,National,2024-06,,130.9804,,A,Normal value,0,Units,2,Two,2015,
DATAFLOW,OECD.SDD.STES:DSD_STES@DF_MONAGG(4.0),Monetary aggregates,I,ZAF,South Africa,M,Monthly,MABM,M3,IX,Index,_Z,Not applicable,Y,Calendar and seasonally adjusted,_Z,Not applicable,_Z,Not applicable,N,National,2024-06,,180.856,,A,Normal value,0,Units,2,Two,2015,
DATAFLOW,OECD.SDD.STES:DSD_STES@DF_MONAGG(4.0),Monetary aggregates,I,ZAF,South Africa,M,Monthly,MABM,M3,IX,Index,_Z,Not applicable,Y,Calendar and seasonally adjusted,_Z,Not applicable,_Z,Not applicable,N,National,2024-05,,180.8634,,A,Normal value,0,Units,2,Two,2015,
DATAFLOW,OECD.SDD.STES:DSD_STES@DF_MONAGG(4.0),Monetary aggregates,I,ZAF,South Africa,M,Monthly,MABM,M3,IX,Index,_Z,Not applicable,Y,Calendar and seasonally adjusted,_Z,Not applicable,_Z,Not applicable,N,National,2024-04,,181.435,,A,Normal value,0,Units,2,Two,2015,
DATAFLOW,OECD.SDD.STES:DSD_STES@DF_MONAGG(4.0),Monetary aggregates,I,ZAF,South Africa,M,Monthly,MABM,M3,IX,Index,_Z,Not applicable,Y,Calendar and seasonally adjusted,_Z,Not applicable,_Z,Not applicable,N,National,2024-03,,180.9274,,A,Normal value,0,Units,2,Two,2015,
DATAFLOW,OECD.SDD.STES:DSD_STES@DF_MONAGG(4.0),Monetary aggregates,I,USA,United States,M,Monthly,MANM,M1,IX,Index,_Z,Not applicable,Y,Calendar and seasonally adjusted,_Z,Not applicable,_Z,Not applicable,N,National,2024-04,,594.9814,,A,Normal value,0,Units,2,Two,2015,
DATAFLOW,OECD.SDD.STES:DSD_STES@DF_MONAGG(4.0),Monetary aggregates,I,USA,United States,M,Monthly,MANM,M1,IX,Index,_Z,Not applicable,Y,Calendar and seasonally adjusted,_Z,Not applicable,_Z,Not applicable,N,National,2024-03,,595.3454,,A,Normal value,0,Units,2,Two,2015,
DATAFLOW,OECD.SDD.STES:DSD_STES@DF_MONAGG(4.0),Monetary aggregates,I,USA,United States,M,Monthly,MANM,M1,IX,Index,_Z,Not applicable,Y,Calendar and seasonally adjusted,_Z,Not applicable,_Z,Not applicable,N,National,2024-07,,597.4435,,A,Normal value,0,Units,2,Two,2015,
DATAFLOW,OECD.SDD.STES:DSD_STES@DF_MONAGG(4.0),Monetary aggregates,I,KOR,Korea,M,Monthly,MANM,M1,IX,Index,_Z,Not applicable,Y,Calendar and seasonally adjusted,_Z,Not applicable,_Z,Not applicable,N,National,2024-04,,194.9746,,A,Normal value,0,Units,2,Two,2015,
DATAFLOW,OECD.SDD.STES:DSD_STES@DF_MONAGG(4.0),Monetary aggregates,I,KOR,Korea,M,Monthly,MANM,M1,IX,Index,_Z,Not applicable,Y,Calendar and seasonally adjusted,_Z,Not applicable,_Z,Not applicable,N,National,2024-03,,195.6623,,A,Normal value,0,Units,2,Two,2015,
DATAFLOW,OECD.SDD.STES:DSD_STES@DF_MONAGG(4.0),Monetary aggregates,I,AUS,Australia,M,Monthly,MANM,M1,IX,Index,_Z,Not applicable,Y,Calendar and seasonally adjusted,_Z,Not applicable,_Z,Not applicable,N,National,2024-06,,244.8511,,A,Normal value,0,Units,2,Two,2015,
DATAFLOW,OECD.SDD.STES:DSD_STES@DF_MONAGG(4.0),Monetary aggregates,I,AUS,Australia,M,Monthly,MANM,M1,IX,Index,_Z,Not applicable,Y,Calendar and seasonally adjusted,_Z,Not applicable,_Z,Not applicable,N,National,2024-05,,244.0906,,A,Normal value,0,Units,2,Two,2015,
DATAFLOW,OECD.SDD.STES:DSD_STES@DF_MONAGG(4.0),Monetary aggregates,I,USA,United States,M,Monthly,MABM,M3,IX,Index,_Z,Not applicable,Y,Calendar and seasonally adjusted,_Z,Not applicable,_Z,Not applicable,N,National,2024-07,,174.7868,,A,Normal value,0,Units,2,Two,2015,
DATAFLOW,OECD.SDD.STES:DSD_STES@DF_MONAGG(4.0),Monetary aggregates,I,USA,United States,M,Monthly,MABM,M3,IX,Index,_Z,Not applicable,Y,Calendar and seasonally adjusted,_Z,Not applicable,_Z,Not applicable,N,National,2024-06,,174.5436,,A,Normal value,0,Units,2,Two,2015,
DATAFLOW,OECD.SDD.STES:DSD_STES@DF_MONAGG(4.0),Monetary aggregates,I,USA,United States,M,Monthly,MABM,M3,IX,Index,_Z,Not applicable,Y,Calendar and seasonally adjusted,_Z,Not applicable,_Z,Not applicable,N,National,2024-05,,173.9351,,A,Normal value,0,Units,2,Two,2015,
DATAFLOW,OECD.SDD.STES:DSD_STES@DF_MONAGG(4.0),Monetary aggregates,I,NOR,Norway,M,Monthly,MABM,M3,IX,Index,_Z,Not applicable,Y,Calendar and seasonally adjusted,_Z,Not applicable,_Z,Not applicable,N,National,2024-04,,164.3784,,A,Normal value,0,Units,2,Two,2015,
DATAFLOW,OECD.SDD.STES:DSD_STES@DF_MONAGG(4.0),Monetary aggregates,I,NOR,Norway,M,Monthly,MABM,M3,IX,Index,_Z,Not applicable,Y,Calendar and seasonally adjusted,_Z,Not applicable,_Z,Not applicable,N,National,2024-03,,163.4864,,A,Normal value,0,Units,2,Two,2015,
DATAFLOW,OECD.SDD.STES:DSD_STES@DF_MONAGG(4.0),Monetary aggregates,I,NOR,Norway,M,Monthly,MABM,M3,IX,Index,_Z,Not applicable,Y,Calendar and seasonally adjusted,_Z,Not applicable,_Z,Not applicable,N,National,2024-07,,166.3033,,A,Normal value,0,Units,2,Two,2015,
DATAFLOW,OECD.SDD.STES:DSD_STES@DF_MONAGG(4.0),Monetary aggregates,I,NOR,Norway,M,Monthly,MABM,M3,IX,Index,_Z,Not applicable,Y,Calendar and seasonally adjusted,_Z,Not applicable,_Z,Not applicable,N,National,2024-06,,166.8901,,A,Normal value,0,Units,2,Two,2015,
DATAFLOW,OECD.SDD.STES:DSD_STES@DF_MONAGG(4.0),Monetary aggregates,I,OECD,OECD,M,Monthly,MABM,M3,IX,Index,_Z,Not applicable,Y,Calendar and seasonally adjusted,_Z,Not applicable,_Z,Not applicable,N,National,2024-06,,172.5033,,A,Normal value,0,Units,2,Two,2015,
DATAFLOW,OECD.SDD.STES:DSD_STES@DF_MONAGG(4.0),Monetary aggregates,I,OECD,OECD,M,Monthly,MABM,M3,IX,Index,_Z,Not applicable,Y,Calendar and seasonally adjusted,_Z,Not applicable,_Z,Not applicable,N,National,2024-05,,171.9974,,A,Normal value,0,Units,2,Two,2015,
DATAFLOW,OECD.SDD.STES:DSD_STES@DF_MONAGG(4.0),Monetary aggregates,I,OECD,OECD,M,Monthly,MABM,M3,IX,Index,_Z,Not applicable,Y,Calendar and seasonally adjusted,_Z,Not applicable,_Z,Not applicable,N,National,2024-04,,171.4411,,A,Normal value,0,Units,2,Two,2015,
DATAFLOW,OECD.SDD.STES:DSD_STES@DF_MONAGG(4.0),Monetary aggregates,I,CZE,Czechia,M,Monthly,MABM,M3,IX,Index,_Z,Not applicable,Y,Calendar and seasonally adjusted,_Z,Not applicable,_Z,Not applicable,N,National,2024-07,,202.7384,,A,Normal value,0,Units,2,Two,2015,
DATAFLOW,OECD.SDD.STES:DSD_STES@DF_MONAGG(4.0),Monetary aggregates,I,CZE,Czechia,M,Monthly,MABM,M3,IX,Index,_Z,Not applicable,Y,Calendar and seasonally adjusted,_Z,Not applicable,_Z,Not applicable,N,National,2024-06,,201.645,,A,Normal value,0,Units,2,Two,2015,
DATAFLOW,OECD.SDD.STES:DSD_STES@DF_MONAGG(4.0),Monetary aggregates,I,CZE,Czechia,M,Monthly,MABM,M3,IX,Index,_Z,Not applicable,Y,Calendar and seasonally adjusted,_Z,Not applicable,_Z,Not applicable,N,National,2024-05,,200.9627,,A,Normal value,0,Units,2,Two,2015,
DATAFLOW,OECD.SDD.STES:DSD_STES@DF_MONAGG(4.0),Monetary aggregates,I,CZE,Czechia,M,Monthly,MABM,M3,IX,Index,_Z,Not applicable,Y,Calendar and seasonally adjusted,_Z,Not applicable,_Z,Not applicable,N,National,2024-04,,199.2996,,A,Normal value,0,Units,2,Two,2015,
DATAFLOW,OECD.SDD.STES:DSD_STES@DF_MONAGG(4.0),Monetary aggregates,I,GBR,United Kingdom,M,Monthly,MABM,M3,IX,Index,_Z,Not applicable,Y,Calendar and seasonally adjusted,_Z,Not applicable,_Z,Not applicable,N,National,2024-04,,150.0276,,A,Normal value,0,Units,2,Two,2015,
DATAFLOW,OECD.SDD.STES:DSD_STES@DF_MONAGG(4.0),Monetary aggregates,I,AUS,Australia,M,Monthly,MABM,M3,IX,Index,_Z,Not applicable,Y,Calendar and seasonally adjusted,_Z,Not applicable,_Z,Not applicable,N,National,2024-05,,169.2813,,A,Normal value,0,Units,2,Two,2015,
DATAFLOW,OECD.SDD.STES:DSD_STES@DF_MONAGG(4.0),Monetary aggregates,I,EA19,Euro area (19 countries),M,Monthly,MABM,M3,IX,Index,_Z,Not applicable,Y,Calendar and seasonally adjusted,_Z,Not applicable,_Z,Not applicable,N,National,2024-05,,153.0224,,A,Normal value,0,Units,2,Two,2015,
DATAFLOW,OECD.SDD.STES:DSD_STES@DF_MONAGG(4.0),Monetary aggregates,I,ISL,Iceland,M,Monthly,MANM,M1,IX,Index,_Z,Not applicable,Y,Calendar and seasonally adjusted,_Z,Not applicable,_Z,Not applicable,N,National,2024-05,,169.5476,,A,Normal value,0,Units,2,Two,2015,
DATAFLOW,OECD.SDD.STES:DSD_STES@DF_MONAGG(4.0),Monetary aggregates,I,KOR,Korea,M,Monthly,MANM,M1,IX,Index,_Z,Not applicable,Y,Calendar and seasonally adjusted,_Z,Not applicable,_Z,Not applicable,N,National,2024-06,,192.4308,,A,Normal value,0,Units,2,Two,2015,
DATAFLOW,OECD.SDD.STES:DSD_STES@DF_MONAGG(4.0),Monetary aggregates,I,AUS,Australia,M,Monthly,MANM,M1,IX,Index,_Z,Not applicable,Y,Calendar and seasonally adjusted,_Z,Not applicable,_Z,Not applicable,N,National,2024-07,,247.1107,,A,Normal value,0,Units,2,Two,2015,
DATAFLOW,OECD.SDD.STES:DSD_STES@DF_MONAGG(4.0),Monetary aggregates,I,ISL,Iceland,M,Monthly,MABM,M3,IX,Index,_Z,Not applicable,Y,Calendar and seasonally adjusted,_Z,Not applicable,_Z,Not applicable,N,National,2024-05,,165.7377,,A,Normal value,0,Units,2,Two,2015,
DATAFLOW,OECD.SDD.STES:DSD_STES@DF_MONAGG(4.0),Monetary aggregates,I,EA19,Euro area (19 countries),M,Monthly,MANM,M1,IX,Index,_Z,Not applicable,Y,Calendar and seasonally adjusted,_Z,Not applicable,_Z,Not applicable,N,National,2024-04,,162.0602,,A,Normal value,0,Units,2,Two,2015,
DATAFLOW,OECD.SDD.STES:DSD_STES@DF_MONAGG(4.0),Monetary aggregates,I,KOR,Korea,M,Monthly,MABM,M3,IX,Index,_Z,Not applicable,Y,Calendar and seasonally adjusted,_Z,Not applicable,_Z,Not applicable,N,National,2024-05,,182.8097,,A,Normal value,0,Units,2,Two,2015,
DATAFLOW,OECD.SDD.STES:DSD_STES@DF_MONAGG(4.0),Monetary aggregates,I,COL,Colombia,M,Monthly,MANM,M1,IX,Index,_Z,Not applicable,Y,Calendar and seasonally adjusted,_Z,Not applicable,_Z,Not applicable,N,National,2024-04,,195.9122,,A,Normal value,0,Units,2,Two,2015,
DATAFLOW,OECD.SDD.STES:DSD_STES@DF_MONAGG(4.0),Monetary aggregates,I,JPN,Japan,M,Monthly,MANM,M1,IX,Index,_Z,Not applicable,Y,Calendar and seasonally adjusted,_Z,Not applicable,_Z,Not applicable,N,National,2024-04,,178.0404,,A,Normal value,0,Units,2,Two,2015,
DATAFLOW,OECD.SDD.STES:DSD_STES@DF_MONAGG(4.0),Monetary aggregates,I,COL,Colombia,M,Monthly,MABM,M3,IX,Index,_Z,Not applicable,Y,Calendar and seasonally adjusted,_Z,Not applicable,_Z,Not applicable,N,National,2024-05,,212.6934,,A,Normal value,0,Units,2,Two,2015,
DATAFLOW,OECD.SDD.STES:DSD_STES@DF_MONAGG(4.0),Monetary aggregates,I,ISR,Israel,M,Monthly,MABM,M3,IX,Index,_Z,Not applicable,Y,Calendar and seasonally adjusted,_Z,Not applicable,_Z,Not applicable,N,National,2024-05,,208.0257,,A,Normal value,0,Units,2,Two,2015,
DATAFLOW,OECD.SDD.STES:DSD_STES@DF_MONAGG(4.0),Monetary aggregates,I,CRI,Costa Rica,M,Monthly,MANM,M1,IX,Index,_Z,Not applicable,Y,Calendar and seasonally adjusted,_Z,Not applicable,_Z,Not applicable,N,National,2024-05,,222.2791,,A,Normal value,0,Units,2,Two,2015,
DATAFLOW,OECD.SDD.STES:DSD_STES@DF_MONAGG(4.0),Monetary aggregates,I,CRI,Costa Rica,M,Monthly,MABM,M3,IX,Index,_Z,Not applicable,Y,Calendar and seasonally adjusted,_Z,Not applicable,_Z,Not applicable,N,National,2024-04,,157.3798,,A,Normal value,0,Units,2,Two,2015,
DATAFLOW,OECD.SDD.STES:DSD_STES@DF_MONAGG(4.0),Monetary aggregates,I,GBR,United Kingdom,M,Monthly,MANM,M1,IX,Index,_Z,Not applicable,Y,Calendar and seasonally adjusted,_Z,Not applicable,_Z,Not applicable,N,National,2024-05,,156.2679,,A,Normal value,0,Units,2,Two,2015,
DATAFLOW,OECD.SDD.STES:DSD_STES@DF_MONAGG(4.0),Monetary aggregates,I,ISR,Israel,M,Monthly,MANM,M1,IX,Index,_Z,Not applicable,Y,Calendar and seasonally adjusted,_Z,Not applicable,_Z,Not applicable,N,National,2024-05,,213.1848,,A,Normal value,0,Units,2,Two,2015,
DATAFLOW,OECD.SDD.STES:DSD_STES@DF_MONAGG(4.0),Monetary aggregates,I,CAN,Canada,M,Monthly,MANM,M1,IX,Index,_Z,Not applicable,Y,Calendar and seasonally adjusted,_Z,Not applicable,_Z,Not applicable,N,National,2024-03,,193.0283,,A,Normal value,0,Units,2,Two,2015,
DATAFLOW,OECD.SDD.STES:DSD_STES@DF_MONAGG(4.0),Monetary aggregates,I,HUN,Hungary,M,Monthly,MABM,M3,IX,Index,_Z,Not applicable,Y,Calendar and seasonally adjusted,_Z,Not applicable,_Z,Not applicable,N,National,2024-04,,234.3877,,A,Normal value,0,Units,2,Two,2015,
DATAFLOW,OECD.SDD.STES:DSD_STES@DF_MONAGG(4.0),Monetary aggregates,I,CAN,Canada,M,Monthly,MABM,M3,IX,Index,_Z,Not applicable,Y,Calendar and seasonally adjusted,_Z,Not applicable,_Z,Not applicable,N,National,2024-05,,189.5697,,A,Normal value,0,Units,2,Two,2015,
DATAFLOW,OECD.SDD.STES:DSD_STES@DF_MONAGG(4.0),Monetary aggregates,I,HUN,Hungary,M,Monthly,MANM,M1,IX,Index,_Z,Not applicable,Y,Calendar and seasonally adjusted,_Z,Not applicable,_Z,Not applicable,N,National,2024-05,,280.4057,,A,Normal value,0,Units,2,Two,2015,
DATAFLOW,OECD.SDD.STES:DSD_STES@DF_MONAGG(4.0),Monetary aggregates,I,BRA,Brazil,M,Monthly,MANM,M1,IX,Index,_Z,Not applicable,Y,Calendar and seasonally adjusted,_Z,Not applicable,_Z,Not applicable,N,National,2024-04,,196.9948,,A,Normal value,0,Units,2,Two,2015,
DATAFLOW,OECD.SDD.STES:DSD_STES@DF_MONAGG(4.0),Monetary aggregates,I,OECD,OECD,M,Monthly,MANM,M1,IX,Index,_Z,Not applicable,Y,Calendar and seasonally adjusted,_Z,Not applicable,_Z,Not applicable,N,National,2024-05,,439.2034,,A,Normal value,0,Units,2,Two,2015,
DATAFLOW,OECD.SDD.STES:DSD_STES@DF_MONAGG(4.0),Monetary aggregates,I,JPN,Japan,M,Monthly,MABM,M3,IX,Index,_Z,Not applicable,Y,Calendar and seasonally adjusted,_Z,Not applicable,_Z,Not applicable,N,National,2024-05,,131.1707,,A,Normal value,0,Units,2,Two,2015,
DATAFLOW,OECD.SDD.STES:DSD_STES@DF_MONAGG(4.0),Monetary aggregates,I,ZAF,South Africa,M,Monthly,MABM,M3,IX,Index,_Z,Not applicable,Y,Calendar and seasonally adjusted,_Z,Not applicable,_Z,Not applicable,N,National,2024-07,,182.7184,,A,Normal value,0,Units,2,Two,2015,
DATAFLOW,OECD.SDD.STES:DSD_STES@DF_MONAGG(4.0),Monetary aggregates,I,USA,United States,M,Monthly,MANM,M1,IX,Index,_Z,Not applicable,Y,Calendar and seasonally adjusted,_Z,Not applicable,_Z,Not applicable,N,National,2024-05,,596.4276,,A,Normal value,0,Units,2,Two,2015,
DATAFLOW,OECD.SDD.STES:DSD_STES@DF_MONAGG(4.0),Monetary aggregates,I,USA,United States,M,Monthly,MABM,M3,IX,Index,_Z,Not applicable,Y,Calendar and seasonally adjusted,_Z,Not applicable,_Z,Not applicable,N,National,2024-04,,173.1846,,A,Normal value,0,Units,2,Two,2015,
DATAFLOW,OECD.SDD.STES:DSD_STES@DF_MONAGG(4.0),Monetary aggregates,I,NOR,Norway,M,Monthly,MABM,M3,IX,Index,_Z,Not applicable,Y,Calendar and seasonally adjusted,_Z,Not applicable,_Z,Not applicable,N,National,2024-05,,165.9786,,A,Normal value,0,Units,2,Two,2015,
DATAFLOW,OECD.SDD.STES:DSD_STES@DF_MONAGG(4.0),Monetary aggregates,I,OECD,OECD,M,Monthly,MABM,M3,IX,Index,_Z,Not applicable,Y,Calendar and seasonally adjusted,_Z,Not applicable,_Z,Not applicable,N,National,2024-03,,171.0842,,A,Normal value,0,Units,2,Two,2015,
DATAFLOW,OECD.SDD.STES:DSD_STES@DF_MONAGG(4.0),Monetary aggregates,I,CZE,Czechia,M,Monthly,MABM,M3,IX,Index,_Z,Not applicable,Y,Calendar and seasonally adjusted,_Z,Not applicable,_Z,Not applicable,N,National,2024-03,,198.9069,,A,Normal value,0,Units,2,Two,2015,
DATAFLOW,OECD.SDD.STES:DSD_STES@DF_MONAGG(4.0),Monetary aggregates,I,COL,Colombia,M,Monthly,MABM,M3,IX,Index,_Z,Not applicable,Y,Calendar and seasonally adjusted,_Z,Not applicable,_Z,Not applicable,N,National,2024-03,,209.6669,,A,Normal value,0,Units,2,Two,2015,
DATAFLOW,OECD.SDD.STES:DSD_STES@DF_MONAGG(4.0),Monetary aggregates,I,COL,Colombia,M,Monthly,MABM,M3,IX,Index,_Z,Not applicable,Y,Calendar and seasonally adjusted,_Z,Not applicable,_Z,Not applicable,N,National,2024-06,,214.4644,,A,Normal value,0,Units,2,Two,2015,
DATAFLOW,OECD.SDD.STES:DSD_STES@DF_MONAGG(4.0),Monetary aggregates,I,COL,Colombia,M,Monthly,MABM,M3,IX,Index,_Z,Not applicable,Y,Calendar and seasonally adjusted,_Z,Not applicable,_Z,Not applicable,N,National,2024-07,,215.4488,,A,Normal value,0,Units,2,Two,2015,
DATAFLOW,OECD.SDD.STES:DSD_STES@DF_MONAGG(4.0),Monetary aggregates,I,ISR,Israel,M,Monthly,MABM,M3,IX,Index,_Z,Not applicable,Y,Calendar and seasonally adjusted,_Z,Not applicable,_Z,Not applicable,N,National,2024-04,,206.3714,,A,Normal value,0,Units,2,Two,2015,
DATAFLOW,OECD.SDD.STES:DSD_STES@DF_MONAGG(4.0),Monetary aggregates,I,ISR,Israel,M,Monthly,MABM,M3,IX,Index,_Z,Not applicable,Y,Calendar and seasonally adjusted,_Z,Not applicable,_Z,Not applicable,N,National,2024-03,,204.8495,,A,Normal value,0,Units,2,Two,2015,
