COUNTRY.Name,INDEX_TYPE.Name,COICOP_1999.Name,TYPE_OF_TRANSFORMATION.Name,FREQUENCY.Name,SCALE.Name,TIME_PERIOD,OBS_VALUE
Denmark,Consumer price index (CPI),All Items,Index,Quarterly,Units,2000-Q1,75.42929333
Denmark,Consumer price index (CPI),All Items,Index,Quarterly,Units,2000-Q2,76.29337667
Denmark,Consumer price index (CPI),All Items,Index,Quarterly,Units,2000-Q3,76.36962
Denmark,Consumer price index (CPI),All Items,Index,Quarterly,Units,2000-Q4,76.87790333
Denmark,Consumer price index (CPI),All Items,Index,Quarterly,Units,2001-Q1,77.23333333
Denmark,Consumer price index (CPI),All Items,Index,Quarterly,Units,2001-Q2,78.23333333
Denmark,Consumer price index (CPI),All Items,Index,Quarterly,Units,2001-Q3,78.2
Denmark,Consumer price index (CPI),All Items,Index,Quarterly,Units,2001-Q4,78.43333333
Denmark,Consumer price index (CPI),All Items,Index,Quarterly,Units,2002-Q1,79.16666667
Denmark,Consumer price index (CPI),All Items,Index,Quarterly,Units,2002-Q2,80
Denmark,Consumer price index (CPI),All Items,Index,Quarterly,Units,2002-Q3,80
Denmark,Consumer price index (CPI),All Items,Index,Quarterly,Units,2002-Q4,80.5
Denmark,Consumer price index (CPI),All Items,Index,Quarterly,Units,2003-Q1,81.33333333
Denmark,Consumer price index (CPI),All Items,Index,Quarterly,Units,2003-Q2,81.83333333
Denmark,Consumer price index (CPI),All Items,Index,Quarterly,Units,2003-Q3,81.46666667
Denmark,Consumer price index (CPI),All Items,Index,Quarterly,Units,2003-Q4,81.66666667
Denmark,Consumer price index (CPI),All Items,Index,Quarterly,Units,2004-Q1,82.1
Denmark,Consumer price index (CPI),All Items,Index,Quarterly,Units,2004-Q2,82.73333333
Denmark,Consumer price index (CPI),All Items,Index,Quarterly,Units,2004-Q3,82.43333333
Denmark,Consumer price index (CPI),All Items,Index,Quarterly,Units,2004-Q4,82.8
Denmark,Consumer price index (CPI),All Items,Index,Quarterly,Units,2005-Q1,83.1
Denmark,Consumer price index (CPI),All Items,Index,Quarterly,Units,2005-Q2,84.13333333
Denmark,Consumer price index (CPI),All Items,Index,Quarterly,Units,2005-Q3,84.3
Denmark,Consumer price index (CPI),All Items,Index,Quarterly,Units,2005-Q4,84.53333333
Denmark,Consumer price index (CPI),All Items,Index,Quarterly,Units,2006-Q1,84.83333333
Denmark,Consumer price index (CPI),All Items,Index,Quarterly,Units,2006-Q2,85.83333333
Denmark,Consumer price index (CPI),All Items,Index,Quarterly,Units,2006-Q3,85.9
Denmark,Consumer price index (CPI),All Items,Index,Quarterly,Units,2006-Q4,85.96666667
Denmark,Consumer price index (CPI),All Items,Index,Quarterly,Units,2007-Q1,86.43333333
Denmark,Consumer price index (CPI),All Items,Index,Quarterly,Units,2007-Q2,87.2
Denmark,Consumer price index (CPI),All Items,Index,Quarterly,Units,2007-Q3,86.86666667
Denmark,Consumer price index (CPI),All Items,Index,Quarterly,Units,2007-Q4,87.83333333
Denmark,Consumer price index (CPI),All Items,Index,Quarterly,Units,2008-Q1,89.06666667
Denmark,Consumer price index (CPI),All Items,Index,Quarterly,Units,2008-Q2,90.26666667
Denmark,Consumer price index (CPI),All Items,Index,Quarterly,Units,2008-Q3,90.5
Denmark,Consumer price index (CPI),All Items,Index,Quarterly,Units,2008-Q4,90.4
Denmark,Consumer price index (CPI),All Items,Index,Quarterly,Units,2009-Q1,90.63333333
Denmark,Consumer price index (CPI),All Items,Index,Quarterly,Units,2009-Q2,91.36666667
Denmark,Consumer price index (CPI),All Items,Index,Quarterly,Units,2009-Q3,91.4
Denmark,Consumer price index (CPI),All Items,Index,Quarterly,Units,2009-Q4,91.53333333
Denmark,Consumer price index (CPI),All Items,Index,Quarterly,Units,2010-Q1,92.53333333
Denmark,Consumer price index (CPI),All Items,Index,Quarterly,Units,2010-Q2,93.36666667
Denmark,Consumer price index (CPI),All Items,Index,Quarterly,Units,2010-Q3,93.56666667
Denmark,Consumer price index (CPI),All Items,Index,Quarterly,Units,2010-Q4,93.9
Denmark,Consumer price index (CPI),All Items,Index,Quarterly,Units,2011-Q1,95.03333333
Denmark,Consumer price index (CPI),All Items,Index,Quarterly,Units,2011-Q2,96.2
Denmark,Consumer price index (CPI),All Items,Index,Quarterly,Units,2011-Q3,96.1
Denmark,Consumer price index (CPI),All Items,Index,Quarterly,Units,2011-Q4,96.33333333
Denmark,Consumer price index (CPI),All Items,Index,Quarterly,Units,2012-Q1,97.6
Denmark,Consumer price index (CPI),All Items,Index,Quarterly,Units,2012-Q2,98.3
Denmark,Consumer price index (CPI),All Items,Index,Quarterly,Units,2012-Q3,98.46666667
Denmark,Consumer price index (CPI),All Items,Index,Quarterly,Units,2012-Q4,98.5
Denmark,Consumer price index (CPI),All Items,Index,Quarterly,Units,2013-Q1,98.73333333
Denmark,Consumer price index (CPI),All Items,Index,Quarterly,Units,2013-Q2,99.13333333
Denmark,Consumer price index (CPI),All Items,Index,Quarterly,Units,2013-Q3,98.96666667
Denmark,Consumer price index (CPI),All Items,Index,Quarterly,Units,2013-Q4,99.13333333
Denmark,Consumer price index (CPI),All Items,Index,Quarterly,Units,2014-Q1,99.33333333
Denmark,Consumer price index (CPI),All Items,Index,Quarterly,Units,2014-Q2,99.73333333
Denmark,Consumer price index (CPI),All Items,Index,Quarterly,Units,2014-Q3,99.53333333
Denmark,Consumer price index (CPI),All Items,Index,Quarterly,Units,2014-Q4,99.6
Denmark,Consumer price index (CPI),All Items,Index,Quarterly,Units,2015-Q1,99.6
Denmark,Consumer price index (CPI),All Items,Index,Quarterly,Units,2015-Q2,100.3333333
Denmark,Consumer price index (CPI),All Items,Index,Quarterly,Units,2015-Q3,100.1333333
Denmark,Consumer price index (CPI),All Items,Index,Quarterly,Units,2015-Q4,99.93333333
Denmark,Consumer price index (CPI),All Items,Index,Quarterly,Units,2016-Q1,99.9
Denmark,Consumer price index (CPI),All Items,Index,Quarterly,Units,2016-Q2,100.4666667
Denmark,Consumer price index (CPI),All Items,Index,Quarterly,Units,2016-Q3,100.3
Denmark,Consumer price index (CPI),All Items,Index,Quarterly,Units,2016-Q4,100.3333333
Denmark,Consumer price index (CPI),All Items,Index,Quarterly,Units,2017-Q1,100.8666667
Denmark,Consumer price index (CPI),All Items,Index,Quarterly,Units,2017-Q2,101.3
Denmark,Consumer price index (CPI),All Items,Index,Quarterly,Units,2017-Q3,101.8333333
Denmark,Consumer price index (CPI),All Items,Index,Quarterly,Units,2017-Q4,101.6
Denmark,Consumer price index (CPI),All Items,Index,Quarterly,Units,2018-Q1,101.4666667
Denmark,Consumer price index (CPI),All Items,Index,Quarterly,Units,2018-Q2,102.3
Denmark,Consumer price index (CPI),All Items,Index,Quarterly,Units,2018-Q3,102.7333333
Denmark,Consumer price index (CPI),All Items,Index,Quarterly,Units,2018-Q4,102.4
Denmark,Consumer price index (CPI),All Items,Index,Quarterly,Units,2019-Q1,102.6666667
Denmark,Consumer price index (CPI),All Items,Index,Quarterly,Units,2019-Q2,103.0666667
Denmark,Consumer price index (CPI),All Items,Index,Quarterly,Units,2019-Q3,103.1666667
Denmark,Consumer price index (CPI),All Items,Index,Quarterly,Units,2019-Q4,103.1
Denmark,Consumer price index (CPI),All Items,Index,Quarterly,Units,2020-Q1,103.3
Denmark,Consumer price index (CPI),All Items,Index,Quarterly,Units,2020-Q2,103.1666667
Denmark,Consumer price index (CPI),All Items,Index,Quarterly,Units,2020-Q3,103.7
Denmark,Consumer price index (CPI),All Items,Index,Quarterly,Units,2020-Q4,103.5666667
Denmark,Consumer price index (CPI),All Items,Index,Quarterly,Units,2021-Q1,104.0333333
Denmark,Consumer price index (CPI),All Items,Index,Quarterly,Units,2021-Q2,104.8666667
Denmark,Consumer price index (CPI),All Items,Index,Quarterly,Units,2021-Q3,105.6666667
Denmark,Consumer price index (CPI),All Items,Index,Quarterly,Units,2021-Q4,106.8333333
Denmark,Consumer price index (CPI),All Items,Index,Quarterly,Units,2022-Q1,109.0666667
Denmark,Consumer price index (CPI),All Items,Index,Quarterly,Units,2022-Q2,112.6666667
Denmark,Consumer price index (CPI),All Items,Index,Quarterly,Units,2022-Q3,115.4
Denmark,Consumer price index (CPI),All Items,Index,Quarterly,Units,2022-Q4,116.7
Denmark,Consumer price index (CPI),All Items,Index,Quarterly,Units,2023-Q1,117.0666667
Denmark,Consumer price index (CPI),All Items,Index,Quarterly,Units,2023-Q2,116.6666667
Denmark,Consumer price index (CPI),All Items,Index,Quarterly,Units,2023-Q3,117.8666667
Denmark,Consumer price index (CPI),All Items,Index,Quarterly,Units,2023-Q4,117.2333333
United Kingdom,Consumer price index (CPI),All Items,Index,Quarterly,Units,2000-Q1,72.8
United Kingdom,Consumer price index (CPI),All Items,Index,Quarterly,Units,2000-Q2,73.46666667
United Kingdom,Consumer price index (CPI),All Items,Index,Quarterly,Units,2000-Q3,73.46666667
United Kingdom,Consumer price index (CPI),All Items,Index,Quarterly,Units,2000-Q4,73.93333333
United Kingdom,Consumer price index (CPI),All Items,Index,Quarterly,Units,2001-Q1,73.7
United Kingdom,Consumer price index (CPI),All Items,Index,Quarterly,Units,2001-Q2,74.76666667
United Kingdom,Consumer price index (CPI),All Items,Index,Quarterly,Units,2001-Q3,74.76666667
United Kingdom,Consumer price index (CPI),All Items,Index,Quarterly,Units,2001-Q4,74.93333333
United Kingdom,Consumer price index (CPI),All Items,Index,Quarterly,Units,2002-Q1,75
United Kingdom,Consumer price index (CPI),All Items,Index,Quarterly,Units,2002-Q2,75.73333333
United Kingdom,Consumer price index (CPI),All Items,Index,Quarterly,Units,2002-Q3,75.8
United Kingdom,Consumer price index (CPI),All Items,Index,Quarterly,Units,2002-Q4,76.16666667
United Kingdom,Consumer price index (CPI),All Items,Index,Quarterly,Units,2003-Q1,76.13333333
United Kingdom,Consumer price index (CPI),All Items,Index,Quarterly,Units,2003-Q2,76.76666667
United Kingdom,Consumer price index (CPI),All Items,Index,Quarterly,Units,2003-Q3,76.8
United Kingdom,Consumer price index (CPI),All Items,Index,Quarterly,Units,2003-Q4,77.16666667
United Kingdom,Consumer price index (CPI),All Items,Index,Quarterly,Units,2004-Q1,77.16666667
United Kingdom,Consumer price index (CPI),All Items,Index,Quarterly,Units,2004-Q2,77.8
United Kingdom,Consumer price index (CPI),All Items,Index,Quarterly,Units,2004-Q3,77.83333333
United Kingdom,Consumer price index (CPI),All Items,Index,Quarterly,Units,2004-Q4,78.33333333
United Kingdom,Consumer price index (CPI),All Items,Index,Quarterly,Units,2005-Q1,78.53333333
United Kingdom,Consumer price index (CPI),All Items,Index,Quarterly,Units,2005-Q2,79.3
United Kingdom,Consumer price index (CPI),All Items,Index,Quarterly,Units,2005-Q3,79.7
United Kingdom,Consumer price index (CPI),All Items,Index,Quarterly,Units,2005-Q4,80.1
United Kingdom,Consumer price index (CPI),All Items,Index,Quarterly,Units,2006-Q1,80.2
United Kingdom,Consumer price index (CPI),All Items,Index,Quarterly,Units,2006-Q2,81.23333333
United Kingdom,Consumer price index (CPI),All Items,Index,Quarterly,Units,2006-Q3,81.73333333
United Kingdom,Consumer price index (CPI),All Items,Index,Quarterly,Units,2006-Q4,82.26666667
United Kingdom,Consumer price index (CPI),All Items,Index,Quarterly,Units,2007-Q1,82.43333333
United Kingdom,Consumer price index (CPI),All Items,Index,Quarterly,Units,2007-Q2,83.3
United Kingdom,Consumer price index (CPI),All Items,Index,Quarterly,Units,2007-Q3,83.33333333
United Kingdom,Consumer price index (CPI),All Items,Index,Quarterly,Units,2007-Q4,84.13333333
United Kingdom,Consumer price index (CPI),All Items,Index,Quarterly,Units,2008-Q1,84.53333333
United Kingdom,Consumer price index (CPI),All Items,Index,Quarterly,Units,2008-Q2,86.1
United Kingdom,Consumer price index (CPI),All Items,Index,Quarterly,Units,2008-Q3,87.06666667
United Kingdom,Consumer price index (CPI),All Items,Index,Quarterly,Units,2008-Q4,87.23333333
United Kingdom,Consumer price index (CPI),All Items,Index,Quarterly,Units,2009-Q1,87.03333333
United Kingdom,Consumer price index (CPI),All Items,Index,Quarterly,Units,2009-Q2,87.83333333
United Kingdom,Consumer price index (CPI),All Items,Index,Quarterly,Units,2009-Q3,88.2
United Kingdom,Consumer price index (CPI),All Items,Index,Quarterly,Units,2009-Q4,88.63333333
United Kingdom,Consumer price index (CPI),All Items,Index,Quarterly,Units,2010-Q1,89.06666667
United Kingdom,Consumer price index (CPI),All Items,Index,Quarterly,Units,2010-Q2,90.06666667
United Kingdom,Consumer price index (CPI),All Items,Index,Quarterly,Units,2010-Q3,90.26666667
United Kingdom,Consumer price index (CPI),All Items,Index,Quarterly,Units,2010-Q4,91.06666667
United Kingdom,Consumer price index (CPI),All Items,Index,Quarterly,Units,2011-Q1,92.23333333
United Kingdom,Consumer price index (CPI),All Items,Index,Quarterly,Units,2011-Q2,93.43333333
United Kingdom,Consumer price index (CPI),All Items,Index,Quarterly,Units,2011-Q3,93.96666667
United Kingdom,Consumer price index (CPI),All Items,Index,Quarterly,Units,2011-Q4,94.73333333
United Kingdom,Consumer price index (CPI),All Items,Index,Quarterly,Units,2012-Q1,95.1
United Kingdom,Consumer price index (CPI),All Items,Index,Quarterly,Units,2012-Q2,95.8
United Kingdom,Consumer price index (CPI),All Items,Index,Quarterly,Units,2012-Q3,96.06666667
United Kingdom,Consumer price index (CPI),All Items,Index,Quarterly,Units,2012-Q4,97.03333333
United Kingdom,Consumer price index (CPI),All Items,Index,Quarterly,Units,2013-Q1,97.43333333
United Kingdom,Consumer price index (CPI),All Items,Index,Quarterly,Units,2013-Q2,98.06666667
United Kingdom,Consumer price index (CPI),All Items,Index,Quarterly,Units,2013-Q3,98.36666667
United Kingdom,Consumer price index (CPI),All Items,Index,Quarterly,Units,2013-Q4,98.93333333
United Kingdom,Consumer price index (CPI),All Items,Index,Quarterly,Units,2014-Q1,99.03333333
United Kingdom,Consumer price index (CPI),All Items,Index,Quarterly,Units,2014-Q2,99.66666667
United Kingdom,Consumer price index (CPI),All Items,Index,Quarterly,Units,2014-Q3,99.83333333
United Kingdom,Consumer price index (CPI),All Items,Index,Quarterly,Units,2014-Q4,99.96666667
United Kingdom,Consumer price index (CPI),All Items,Index,Quarterly,Units,2015-Q1,99.43333333
United Kingdom,Consumer price index (CPI),All Items,Index,Quarterly,Units,2015-Q2,100.0333333
United Kingdom,Consumer price index (CPI),All Items,Index,Quarterly,Units,2015-Q3,100.1666667
United Kingdom,Consumer price index (CPI),All Items,Index,Quarterly,Units,2015-Q4,100.3333333
United Kingdom,Consumer price index (CPI),All Items,Index,Quarterly,Units,2016-Q1,100.1333333
United Kingdom,Consumer price index (CPI),All Items,Index,Quarterly,Units,2016-Q2,100.8
United Kingdom,Consumer price index (CPI),All Items,Index,Quarterly,Units,2016-Q3,101.2
United Kingdom,Consumer price index (CPI),All Items,Index,Quarterly,Units,2016-Q4,101.8666667
United Kingdom,Consumer price index (CPI),All Items,Index,Quarterly,Units,2017-Q1,102.3
United Kingdom,Consumer price index (CPI),All Items,Index,Quarterly,Units,2017-Q2,103.4
United Kingdom,Consumer price index (CPI),All Items,Index,Quarterly,Units,2017-Q3,103.9333333
United Kingdom,Consumer price index (CPI),All Items,Index,Quarterly,Units,2017-Q4,104.7
United Kingdom,Consumer price index (CPI),All Items,Index,Quarterly,Units,2018-Q1,104.8333333
United Kingdom,Consumer price index (CPI),All Items,Index,Quarterly,Units,2018-Q2,105.7666667
United Kingdom,Consumer price index (CPI),All Items,Index,Quarterly,Units,2018-Q3,106.3333333
United Kingdom,Consumer price index (CPI),All Items,Index,Quarterly,Units,2018-Q4,106.9
United Kingdom,Consumer price index (CPI),All Items,Index,Quarterly,Units,2019-Q1,106.7333333
United Kingdom,Consumer price index (CPI),All Items,Index,Quarterly,Units,2019-Q2,107.8
United Kingdom,Consumer price index (CPI),All Items,Index,Quarterly,Units,2019-Q3,108.2333333
United Kingdom,Consumer price index (CPI),All Items,Index,Quarterly,Units,2019-Q4,108.4333333
United Kingdom,Consumer price index (CPI),All Items,Index,Quarterly,Units,2020-Q1,108.5
United Kingdom,Consumer price index (CPI),All Items,Index,Quarterly,Units,2020-Q2,108.6666667
United Kingdom,Consumer price index (CPI),All Items,Index,Quarterly,Units,2020-Q3,109.0666667
United Kingdom,Consumer price index (CPI),All Items,Index,Quarterly,Units,2020-Q4,109.2333333
United Kingdom,Consumer price index (CPI),All Items,Index,Quarterly,Units,2021-Q1,109.4666667
United Kingdom,Consumer price index (CPI),All Items,Index,Quarterly,Units,2021-Q2,110.9333333
United Kingdom,Consumer price index (CPI),All Items,Index,Quarterly,Units,2021-Q3,111.9666667
United Kingdom,Consumer price index (CPI),All Items,Index,Quarterly,Units,2021-Q4,114.0666667
United Kingdom,Consumer price index (CPI),All Items,Index,Quarterly,Units,2022-Q1,115.5
United Kingdom,Consumer price index (CPI),All Items,Index,Quarterly,Units,2022-Q2,119.7333333
United Kingdom,Consumer price index (CPI),All Items,Index,Quarterly,Units,2022-Q3,121.7666667
United Kingdom,Consumer price index (CPI),All Items,Index,Quarterly,Units,2022-Q4,124.8
United Kingdom,Consumer price index (CPI),All Items,Index,Quarterly,Units,2023-Q1,125.8666667
United Kingdom,Consumer price index (CPI),All Items,Index,Quarterly,Units,2023-Q2,128.9333333
United Kingdom,Consumer price index (CPI),All Items,Index,Quarterly,Units,2023-Q3,129.5
United Kingdom,Consumer price index (CPI),All Items,Index,Quarterly,Units,2023-Q4,130.2333333
Iceland,Consumer price index (CPI),All Items,Index,Quarterly,Units,2000-Q1,69.25832
Iceland,Consumer price index (CPI),All Items,Index,Quarterly,Units,2000-Q2,70.22756333
Iceland,Consumer price index (CPI),All Items,Index,Quarterly,Units,2000-Q3,70.64897
Iceland,Consumer price index (CPI),All Items,Index,Quarterly,Units,2000-Q4,71.49178
Iceland,Consumer price index (CPI),All Items,Index,Quarterly,Units,2001-Q1,71.89212
Iceland,Consumer price index (CPI),All Items,Index,Quarterly,Units,2001-Q2,74.16772
Iceland,Consumer price index (CPI),All Items,Index,Quarterly,Units,2001-Q3,76.20006667
Iceland,Consumer price index (CPI),All Items,Index,Quarterly,Units,2001-Q4,77.40515333
Iceland,Consumer price index (CPI),All Items,Index,Quarterly,Units,2002-Q1,78.43093333
Iceland,Consumer price index (CPI),All Items,Index,Quarterly,Units,2002-Q2,78.68308333
Iceland,Consumer price index (CPI),All Items,Index,Quarterly,Units,2002-Q3,78.83230333
Iceland,Consumer price index (CPI),All Items,Index,Quarterly,Units,2002-Q4,79.2924
Iceland,Consumer price index (CPI),All Items,Index,Quarterly,Units,2003-Q1,79.76784667
Iceland,Consumer price index (CPI),All Items,Index,Quarterly,Units,2003-Q2,80.32027
Iceland,Consumer price index (CPI),All Items,Index,Quarterly,Units,2003-Q3,80.36241
Iceland,Consumer price index (CPI),All Items,Index,Quarterly,Units,2003-Q4,81.26844
Iceland,Consumer price index (CPI),All Items,Index,Quarterly,Units,2004-Q1,81.47914333
Iceland,Consumer price index (CPI),All Items,Index,Quarterly,Units,2004-Q2,82.84871333
Iceland,Consumer price index (CPI),All Items,Index,Quarterly,Units,2004-Q3,83.22798
Iceland,Consumer price index (CPI),All Items,Index,Quarterly,Units,2004-Q4,84.32363667
Iceland,Consumer price index (CPI),All Items,Index,Quarterly,Units,2005-Q1,85.04003333
Iceland,Consumer price index (CPI),All Items,Index,Quarterly,Units,2005-Q2,85.60893333
Iceland,Consumer price index (CPI),All Items,Index,Quarterly,Units,2005-Q3,86.49388667
Iceland,Consumer price index (CPI),All Items,Index,Quarterly,Units,2005-Q4,87.96881333
Iceland,Consumer price index (CPI),All Items,Index,Quarterly,Units,2006-Q1,88.70628333
Iceland,Consumer price index (CPI),All Items,Index,Quarterly,Units,2006-Q2,91.63506333
Iceland,Consumer price index (CPI),All Items,Index,Quarterly,Units,2006-Q3,93.57935
Iceland,Consumer price index (CPI),All Items,Index,Quarterly,Units,2006-Q4,94.26886
Iceland,Consumer price index (CPI),All Items,Index,Quarterly,Units,2007-Q1,94.64812333
Iceland,Consumer price index (CPI),All Items,Index,Quarterly,Units,2007-Q2,95.87020333
Iceland,Consumer price index (CPI),All Items,Index,Quarterly,Units,2007-Q3,97.13442667
Iceland,Consumer price index (CPI),All Items,Index,Quarterly,Units,2007-Q4,99.13611
Iceland,Consumer price index (CPI),All Items,Index,Quarterly,Units,2008-Q1,101.4118667
Iceland,Consumer price index (CPI),All Items,Index,Quarterly,Units,2008-Q2,107.6375333
Iceland,Consumer price index (CPI),All Items,Index,Quarterly,Units,2008-Q3,110.7790667
Iceland,Consumer price index (CPI),All Items,Index,Quarterly,Units,2008-Q4,116.0609
Iceland,Consumer price index (CPI),All Items,Index,Quarterly,Units,2009-Q1,118.7369
Iceland,Consumer price index (CPI),All Items,Index,Quarterly,Units,2009-Q2,120.4579667
Iceland,Consumer price index (CPI),All Items,Index,Quarterly,Units,2009-Q3,122.9728667
Iceland,Consumer price index (CPI),All Items,Index,Quarterly,Units,2009-Q4,126.042
Iceland,Consumer price index (CPI),All Items,Index,Quarterly,Units,2010-Q1,127.5777667
Iceland,Consumer price index (CPI),All Items,Index,Quarterly,Units,2010-Q2,129.0649
Iceland,Consumer price index (CPI),All Items,Index,Quarterly,Units,2010-Q3,128.3281667
Iceland,Consumer price index (CPI),All Items,Index,Quarterly,Units,2010-Q4,129.5862667
Iceland,Consumer price index (CPI),All Items,Index,Quarterly,Units,2011-Q1,130.1381667
Iceland,Consumer price index (CPI),All Items,Index,Quarterly,Units,2011-Q2,133.5530667
Iceland,Consumer price index (CPI),All Items,Index,Quarterly,Units,2011-Q3,135.0736
Iceland,Consumer price index (CPI),All Items,Index,Quarterly,Units,2011-Q4,136.3798333
Iceland,Consumer price index (CPI),All Items,Index,Quarterly,Units,2012-Q1,138.5077333
Iceland,Consumer price index (CPI),All Items,Index,Quarterly,Units,2012-Q2,141.2430333
Iceland,Consumer price index (CPI),All Items,Index,Quarterly,Units,2012-Q3,140.8956
Iceland,Consumer price index (CPI),All Items,Index,Quarterly,Units,2012-Q4,142.2503667
Iceland,Consumer price index (CPI),All Items,Index,Quarterly,Units,2013-Q1,144.4993667
Iceland,Consumer price index (CPI),All Items,Index,Quarterly,Units,2013-Q2,145.9538
Iceland,Consumer price index (CPI),All Items,Index,Quarterly,Units,2013-Q3,146.5674
Iceland,Consumer price index (CPI),All Items,Index,Quarterly,Units,2013-Q4,147.6731
Iceland,Consumer price index (CPI),All Items,Index,Quarterly,Units,2014-Q1,148.0784
Iceland,Consumer price index (CPI),All Items,Index,Quarterly,Units,2014-Q2,149.3594
Iceland,Consumer price index (CPI),All Items,Index,Quarterly,Units,2014-Q3,149.6836
Iceland,Consumer price index (CPI),All Items,Index,Quarterly,Units,2014-Q4,149.527
Iceland,Consumer price index (CPI),All Items,Index,Quarterly,Units,2015-Q1,149.6645333
Iceland,Consumer price index (CPI),All Items,Index,Quarterly,Units,2015-Q2,151.6534
Iceland,Consumer price index (CPI),All Items,Index,Quarterly,Units,2015-Q3,152.6460667
Iceland,Consumer price index (CPI),All Items,Index,Quarterly,Units,2015-Q4,152.428
Iceland,Consumer price index (CPI),All Items,Index,Quarterly,Units,2016-Q1,152.5681667
Iceland,Consumer price index (CPI),All Items,Index,Quarterly,Units,2016-Q2,154.1140667
Iceland,Consumer price index (CPI),All Items,Index,Quarterly,Units,2016-Q3,154.6451667
Iceland,Consumer price index (CPI),All Items,Index,Quarterly,Units,2016-Q4,155.3546333
Iceland,Consumer price index (CPI),All Items,Index,Quarterly,Units,2017-Q1,155.3647667
Iceland,Consumer price index (CPI),All Items,Index,Quarterly,Units,2017-Q2,156.7951667
Iceland,Consumer price index (CPI),All Items,Index,Quarterly,Units,2017-Q3,157.1923
Iceland,Consumer price index (CPI),All Items,Index,Quarterly,Units,2017-Q4,158.1859667
Iceland,Consumer price index (CPI),All Items,Index,Quarterly,Units,2018-Q1,159.1792333
Iceland,Consumer price index (CPI),All Items,Index,Quarterly,Units,2018-Q2,160.3920333
Iceland,Consumer price index (CPI),All Items,Index,Quarterly,Units,2018-Q3,161.4228333
Iceland,Consumer price index (CPI),All Items,Index,Quarterly,Units,2018-Q4,163.3804333
Iceland,Consumer price index (CPI),All Items,Index,Quarterly,Units,2019-Q1,164.1148333
Iceland,Consumer price index (CPI),All Items,Index,Quarterly,Units,2019-Q2,165.8497
Iceland,Consumer price index (CPI),All Items,Index,Quarterly,Units,2019-Q3,166.3845
Iceland,Consumer price index (CPI),All Items,Index,Quarterly,Units,2019-Q4,167.4467667
Iceland,Consumer price index (CPI),All Items,Index,Quarterly,Units,2020-Q1,167.5441333
Iceland,Consumer price index (CPI),All Items,Index,Quarterly,Units,2020-Q2,169.9926333
Iceland,Consumer price index (CPI),All Items,Index,Quarterly,Units,2020-Q3,171.7787333
Iceland,Consumer price index (CPI),All Items,Index,Quarterly,Units,2020-Q4,173.3847
Iceland,Consumer price index (CPI),All Items,Index,Quarterly,Units,2021-Q1,174.6300333
Iceland,Consumer price index (CPI),All Items,Index,Quarterly,Units,2021-Q2,177.4927667
Iceland,Consumer price index (CPI),All Items,Index,Quarterly,Units,2021-Q3,179.157
Iceland,Consumer price index (CPI),All Items,Index,Quarterly,Units,2021-Q4,181.7612333
Iceland,Consumer price index (CPI),All Items,Index,Quarterly,Units,2022-Q1,185.4247333
Iceland,Consumer price index (CPI),All Items,Index,Quarterly,Units,2022-Q2,191.4817667
Iceland,Consumer price index (CPI),All Items,Index,Quarterly,Units,2022-Q3,196.4758
Iceland,Consumer price index (CPI),All Items,Index,Quarterly,Units,2022-Q4,198.9035667
Iceland,Consumer price index (CPI),All Items,Index,Quarterly,Units,2023-Q1,203.9336333
Iceland,Consumer price index (CPI),All Items,Index,Quarterly,Units,2023-Q2,209.4928
Iceland,Consumer price index (CPI),All Items,Index,Quarterly,Units,2023-Q3,211.739
Iceland,Consumer price index (CPI),All Items,Index,Quarterly,Units,2023-Q4,214.5896667
Norway,Consumer price index (CPI),All Items,Index,Quarterly,Units,2000-Q1,74.73333333
Norway,Consumer price index (CPI),All Items,Index,Quarterly,Units,2000-Q2,75.3
Norway,Consumer price index (CPI),All Items,Index,Quarterly,Units,2000-Q3,75.53333333
Norway,Consumer price index (CPI),All Items,Index,Quarterly,Units,2000-Q4,76.23333333
Norway,Consumer price index (CPI),All Items,Index,Quarterly,Units,2001-Q1,77.36666667
Norway,Consumer price index (CPI),All Items,Index,Quarterly,Units,2001-Q2,78.26666667
Norway,Consumer price index (CPI),All Items,Index,Quarterly,Units,2001-Q3,77.46666667
Norway,Consumer price index (CPI),All Items,Index,Quarterly,Units,2001-Q4,77.76666667
Norway,Consumer price index (CPI),All Items,Index,Quarterly,Units,2002-Q1,78.16666667
Norway,Consumer price index (CPI),All Items,Index,Quarterly,Units,2002-Q2,78.63333333
Norway,Consumer price index (CPI),All Items,Index,Quarterly,Units,2002-Q3,78.56666667
Norway,Consumer price index (CPI),All Items,Index,Quarterly,Units,2002-Q4,79.5
Norway,Consumer price index (CPI),All Items,Index,Quarterly,Units,2003-Q1,81.76666667
Norway,Consumer price index (CPI),All Items,Index,Quarterly,Units,2003-Q2,80.4
Norway,Consumer price index (CPI),All Items,Index,Quarterly,Units,2003-Q3,80.06666667
Norway,Consumer price index (CPI),All Items,Index,Quarterly,Units,2003-Q4,80.46666667
Norway,Consumer price index (CPI),All Items,Index,Quarterly,Units,2004-Q1,80.6
Norway,Consumer price index (CPI),All Items,Index,Quarterly,Units,2004-Q2,81.06666667
Norway,Consumer price index (CPI),All Items,Index,Quarterly,Units,2004-Q3,81.03333333
Norway,Consumer price index (CPI),All Items,Index,Quarterly,Units,2004-Q4,81.46666667
Norway,Consumer price index (CPI),All Items,Index,Quarterly,Units,2005-Q1,81.4
Norway,Consumer price index (CPI),All Items,Index,Quarterly,Units,2005-Q2,82.3
Norway,Consumer price index (CPI),All Items,Index,Quarterly,Units,2005-Q3,82.46666667
Norway,Consumer price index (CPI),All Items,Index,Quarterly,Units,2005-Q4,82.96666667
Norway,Consumer price index (CPI),All Items,Index,Quarterly,Units,2006-Q1,83.23333333
Norway,Consumer price index (CPI),All Items,Index,Quarterly,Units,2006-Q2,84.26666667
Norway,Consumer price index (CPI),All Items,Index,Quarterly,Units,2006-Q3,84.3
Norway,Consumer price index (CPI),All Items,Index,Quarterly,Units,2006-Q4,85
Norway,Consumer price index (CPI),All Items,Index,Quarterly,Units,2007-Q1,84.06666667
Norway,Consumer price index (CPI),All Items,Index,Quarterly,Units,2007-Q2,84.53333333
Norway,Consumer price index (CPI),All Items,Index,Quarterly,Units,2007-Q3,84.43333333
Norway,Consumer price index (CPI),All Items,Index,Quarterly,Units,2007-Q4,86.16666667
Norway,Consumer price index (CPI),All Items,Index,Quarterly,Units,2008-Q1,87.03333333
Norway,Consumer price index (CPI),All Items,Index,Quarterly,Units,2008-Q2,87.26666667
Norway,Consumer price index (CPI),All Items,Index,Quarterly,Units,2008-Q3,88.4
Norway,Consumer price index (CPI),All Items,Index,Quarterly,Units,2008-Q4,89.23333333
Norway,Consumer price index (CPI),All Items,Index,Quarterly,Units,2009-Q1,89.16666667
Norway,Consumer price index (CPI),All Items,Index,Quarterly,Units,2009-Q2,90
Norway,Consumer price index (CPI),All Items,Index,Quarterly,Units,2009-Q3,90
Norway,Consumer price index (CPI),All Items,Index,Quarterly,Units,2009-Q4,90.5
Norway,Consumer price index (CPI),All Items,Index,Quarterly,Units,2010-Q1,91.8
Norway,Consumer price index (CPI),All Items,Index,Quarterly,Units,2010-Q2,92.33333333
Norway,Consumer price index (CPI),All Items,Index,Quarterly,Units,2010-Q3,91.66666667
Norway,Consumer price index (CPI),All Items,Index,Quarterly,Units,2010-Q4,92.56666667
Norway,Consumer price index (CPI),All Items,Index,Quarterly,Units,2011-Q1,93.06666667
Norway,Consumer price index (CPI),All Items,Index,Quarterly,Units,2011-Q2,93.66666667
Norway,Consumer price index (CPI),All Items,Index,Quarterly,Units,2011-Q3,93.03333333
Norway,Consumer price index (CPI),All Items,Index,Quarterly,Units,2011-Q4,93.33333333
Norway,Consumer price index (CPI),All Items,Index,Quarterly,Units,2012-Q1,93.83333333
Norway,Consumer price index (CPI),All Items,Index,Quarterly,Units,2012-Q2,94.03333333
Norway,Consumer price index (CPI),All Items,Index,Quarterly,Units,2012-Q3,93.36666667
Norway,Consumer price index (CPI),All Items,Index,Quarterly,Units,2012-Q4,94.46666667
Norway,Consumer price index (CPI),All Items,Index,Quarterly,Units,2013-Q1,95
Norway,Consumer price index (CPI),All Items,Index,Quarterly,Units,2013-Q2,95.86666667
Norway,Consumer price index (CPI),All Items,Index,Quarterly,Units,2013-Q3,96.16666667
Norway,Consumer price index (CPI),All Items,Index,Quarterly,Units,2013-Q4,96.63333333
Norway,Consumer price index (CPI),All Items,Index,Quarterly,Units,2014-Q1,97
Norway,Consumer price index (CPI),All Items,Index,Quarterly,Units,2014-Q2,97.66666667
Norway,Consumer price index (CPI),All Items,Index,Quarterly,Units,2014-Q3,98.23333333
Norway,Consumer price index (CPI),All Items,Index,Quarterly,Units,2014-Q4,98.6
Norway,Consumer price index (CPI),All Items,Index,Quarterly,Units,2015-Q1,98.9
Norway,Consumer price index (CPI),All Items,Index,Quarterly,Units,2015-Q2,99.83333333
Norway,Consumer price index (CPI),All Items,Index,Quarterly,Units,2015-Q3,100.2
Norway,Consumer price index (CPI),All Items,Index,Quarterly,Units,2015-Q4,101.0666667
Norway,Consumer price index (CPI),All Items,Index,Quarterly,Units,2016-Q1,102.0333333
Norway,Consumer price index (CPI),All Items,Index,Quarterly,Units,2016-Q2,103.3
Norway,Consumer price index (CPI),All Items,Index,Quarterly,Units,2016-Q3,104.2
Norway,Consumer price index (CPI),All Items,Index,Quarterly,Units,2016-Q4,104.6666667
Norway,Consumer price index (CPI),All Items,Index,Quarterly,Units,2017-Q1,104.6666667
Norway,Consumer price index (CPI),All Items,Index,Quarterly,Units,2017-Q2,105.4666667
Norway,Consumer price index (CPI),All Items,Index,Quarterly,Units,2017-Q3,105.7666667
Norway,Consumer price index (CPI),All Items,Index,Quarterly,Units,2017-Q4,106.0666667
Norway,Consumer price index (CPI),All Items,Index,Quarterly,Units,2018-Q1,106.7666667
Norway,Consumer price index (CPI),All Items,Index,Quarterly,Units,2018-Q2,108
Norway,Consumer price index (CPI),All Items,Index,Quarterly,Units,2018-Q3,109.2333333
Norway,Consumer price index (CPI),All Items,Index,Quarterly,Units,2018-Q4,109.6333333
Norway,Consumer price index (CPI),All Items,Index,Quarterly,Units,2019-Q1,109.9666667
Norway,Consumer price index (CPI),All Items,Index,Quarterly,Units,2019-Q2,110.6333333
Norway,Consumer price index (CPI),All Items,Index,Quarterly,Units,2019-Q3,111.0333333
Norway,Consumer price index (CPI),All Items,Index,Quarterly,Units,2019-Q4,111.4
Norway,Consumer price index (CPI),All Items,Index,Quarterly,Units,2020-Q1,111.2333333
Norway,Consumer price index (CPI),All Items,Index,Quarterly,Units,2020-Q2,111.9
Norway,Consumer price index (CPI),All Items,Index,Quarterly,Units,2020-Q3,112.7666667
Norway,Consumer price index (CPI),All Items,Index,Quarterly,Units,2020-Q4,112.8333333
Norway,Consumer price index (CPI),All Items,Index,Quarterly,Units,2021-Q1,114.5333333
Norway,Consumer price index (CPI),All Items,Index,Quarterly,Units,2021-Q2,115.0666667
Norway,Consumer price index (CPI),All Items,Index,Quarterly,Units,2021-Q3,116.7
Norway,Consumer price index (CPI),All Items,Index,Quarterly,Units,2021-Q4,118.0666667
Norway,Consumer price index (CPI),All Items,Index,Quarterly,Units,2022-Q1,118.9
Norway,Consumer price index (CPI),All Items,Index,Quarterly,Units,2022-Q2,121.7666667
Norway,Consumer price index (CPI),All Items,Index,Quarterly,Units,2022-Q3,124.5666667
Norway,Consumer price index (CPI),All Items,Index,Quarterly,Units,2022-Q4,125.9
Norway,Consumer price index (CPI),All Items,Index,Quarterly,Units,2023-Q1,126.7666667
Norway,Consumer price index (CPI),All Items,Index,Quarterly,Units,2023-Q2,129.6666667
Norway,Consumer price index (CPI),All Items,Index,Quarterly,Units,2023-Q3,130.2
Norway,Consumer price index (CPI),All Items,Index,Quarterly,Units,2023-Q4,131.6
Sweden,Consumer price index (CPI),All Items,Index,Quarterly,Units,2000-Q1,259.0466667
Sweden,Consumer price index (CPI),All Items,Index,Quarterly,Units,2000-Q2,260.86
Sweden,Consumer price index (CPI),All Items,Index,Quarterly,Units,2000-Q3,260.7333333
Sweden,Consumer price index (CPI),All Items,Index,Quarterly,Units,2000-Q4,262.6033333
Sweden,Consumer price index (CPI),All Items,Index,Quarterly,Units,2001-Q1,262.98
Sweden,Consumer price index (CPI),All Items,Index,Quarterly,Units,2001-Q2,267.9666667
Sweden,Consumer price index (CPI),All Items,Index,Quarterly,Units,2001-Q3,268.13
Sweden,Consumer price index (CPI),All Items,Index,Quarterly,Units,2001-Q4,269.2666667
Sweden,Consumer price index (CPI),All Items,Index,Quarterly,Units,2002-Q1,270.0033333
Sweden,Consumer price index (CPI),All Items,Index,Quarterly,Units,2002-Q2,273.2733333
Sweden,Consumer price index (CPI),All Items,Index,Quarterly,Units,2002-Q3,273.0666667
Sweden,Consumer price index (CPI),All Items,Index,Quarterly,Units,2002-Q4,275.06
Sweden,Consumer price index (CPI),All Items,Index,Quarterly,Units,2003-Q1,278.0633333
Sweden,Consumer price index (CPI),All Items,Index,Quarterly,Units,2003-Q2,278.3633333
Sweden,Consumer price index (CPI),All Items,Index,Quarterly,Units,2003-Q3,277.3966667
Sweden,Consumer price index (CPI),All Items,Index,Quarterly,Units,2003-Q4,278.5966667
Sweden,Consumer price index (CPI),All Items,Index,Quarterly,Units,2004-Q1,278.21
Sweden,Consumer price index (CPI),All Items,Index,Quarterly,Units,2004-Q2,279.4933333
Sweden,Consumer price index (CPI),All Items,Index,Quarterly,Units,2004-Q3,278.9466667
Sweden,Consumer price index (CPI),All Items,Index,Quarterly,Units,2004-Q4,279.9266667
Sweden,Consumer price index (CPI),All Items,Index,Quarterly,Units,2005-Q1,278.9466667
Sweden,Consumer price index (CPI),All Items,Index,Quarterly,Units,2005-Q2,280.32
Sweden,Consumer price index (CPI),All Items,Index,Quarterly,Units,2005-Q3,280.41
Sweden,Consumer price index (CPI),All Items,Index,Quarterly,Units,2005-Q4,281.96
Sweden,Consumer price index (CPI),All Items,Index,Quarterly,Units,2006-Q1,281.1266667
Sweden,Consumer price index (CPI),All Items,Index,Quarterly,Units,2006-Q2,284.5866667
Sweden,Consumer price index (CPI),All Items,Index,Quarterly,Units,2006-Q3,284.87
Sweden,Consumer price index (CPI),All Items,Index,Quarterly,Units,2006-Q4,286.31
Sweden,Consumer price index (CPI),All Items,Index,Quarterly,Units,2007-Q1,286.5966667
Sweden,Consumer price index (CPI),All Items,Index,Quarterly,Units,2007-Q2,289.74
Sweden,Consumer price index (CPI),All Items,Index,Quarterly,Units,2007-Q3,290.4
Sweden,Consumer price index (CPI),All Items,Index,Quarterly,Units,2007-Q4,295.3066667
Sweden,Consumer price index (CPI),All Items,Index,Quarterly,Units,2008-Q1,295.8733333
Sweden,Consumer price index (CPI),All Items,Index,Quarterly,Units,2008-Q2,300.7333333
Sweden,Consumer price index (CPI),All Items,Index,Quarterly,Units,2008-Q3,302.84
Sweden,Consumer price index (CPI),All Items,Index,Quarterly,Units,2008-Q4,302.5366667
Sweden,Consumer price index (CPI),All Items,Index,Quarterly,Units,2009-Q1,298.21
Sweden,Consumer price index (CPI),All Items,Index,Quarterly,Units,2009-Q2,298.9866667
Sweden,Consumer price index (CPI),All Items,Index,Quarterly,Units,2009-Q3,298.55
Sweden,Consumer price index (CPI),All Items,Index,Quarterly,Units,2009-Q4,300.2933333
Sweden,Consumer price index (CPI),All Items,Index,Quarterly,Units,2010-Q1,300.25
Sweden,Consumer price index (CPI),All Items,Index,Quarterly,Units,2010-Q2,301.76
Sweden,Consumer price index (CPI),All Items,Index,Quarterly,Units,2010-Q3,301.91
Sweden,Consumer price index (CPI),All Items,Index,Quarterly,Units,2010-Q4,305.97
Sweden,Consumer price index (CPI),All Items,Index,Quarterly,Units,2011-Q1,308.0933333
Sweden,Consumer price index (CPI),All Items,Index,Quarterly,Units,2011-Q2,311.58
Sweden,Consumer price index (CPI),All Items,Index,Quarterly,Units,2011-Q3,311.9233333
Sweden,Consumer price index (CPI),All Items,Index,Quarterly,Units,2011-Q4,314.12
Sweden,Consumer price index (CPI),All Items,Index,Quarterly,Units,2012-Q1,313.5233333
Sweden,Consumer price index (CPI),All Items,Index,Quarterly,Units,2012-Q2,315.0566667
Sweden,Consumer price index (CPI),All Items,Index,Quarterly,Units,2012-Q3,313.8633333
Sweden,Consumer price index (CPI),All Items,Index,Quarterly,Units,2012-Q4,314.34
Sweden,Consumer price index (CPI),All Items,Index,Quarterly,Units,2013-Q1,313.3466667
Sweden,Consumer price index (CPI),All Items,Index,Quarterly,Units,2013-Q2,314.1866667
Sweden,Consumer price index (CPI),All Items,Index,Quarterly,Units,2013-Q3,314.1466667
Sweden,Consumer price index (CPI),All Items,Index,Quarterly,Units,2013-Q4,314.5466667
Sweden,Consumer price index (CPI),All Items,Index,Quarterly,Units,2014-Q1,312.2566667
Sweden,Consumer price index (CPI),All Items,Index,Quarterly,Units,2014-Q2,314.2133333
Sweden,Consumer price index (CPI),All Items,Index,Quarterly,Units,2014-Q3,313.6233333
Sweden,Consumer price index (CPI),All Items,Index,Quarterly,Units,2014-Q4,313.8766667
Sweden,Consumer price index (CPI),All Items,Index,Quarterly,Units,2015-Q1,312.29
Sweden,Consumer price index (CPI),All Items,Index,Quarterly,Units,2015-Q2,313.5766667
Sweden,Consumer price index (CPI),All Items,Index,Quarterly,Units,2015-Q3,313.4333333
Sweden,Consumer price index (CPI),All Items,Index,Quarterly,Units,2015-Q4,314.0833333
Sweden,Consumer price index (CPI),All Items,Index,Quarterly,Units,2016-Q1,314.3233333
Sweden,Consumer price index (CPI),All Items,Index,Quarterly,Units,2016-Q2,316.13
Sweden,Consumer price index (CPI),All Items,Index,Quarterly,Units,2016-Q3,316.6733333
Sweden,Consumer price index (CPI),All Items,Index,Quarterly,Units,2016-Q4,318.5933333
Sweden,Consumer price index (CPI),All Items,Index,Quarterly,Units,2017-Q1,318.97
Sweden,Consumer price index (CPI),All Items,Index,Quarterly,Units,2017-Q2,321.75
Sweden,Consumer price index (CPI),All Items,Index,Quarterly,Units,2017-Q3,323.4966667
Sweden,Consumer price index (CPI),All Items,Index,Quarterly,Units,2017-Q4,324.2166667
Sweden,Consumer price index (CPI),All Items,Index,Quarterly,Units,2018-Q1,324.38
Sweden,Consumer price index (CPI),All Items,Index,Quarterly,Units,2018-Q2,327.86
Sweden,Consumer price index (CPI),All Items,Index,Quarterly,Units,2018-Q3,330.3666667
Sweden,Consumer price index (CPI),All Items,Index,Quarterly,Units,2018-Q4,330.9966667
Sweden,Consumer price index (CPI),All Items,Index,Quarterly,Units,2019-Q1,330.4566667
Sweden,Consumer price index (CPI),All Items,Index,Quarterly,Units,2019-Q2,334.51
Sweden,Consumer price index (CPI),All Items,Index,Quarterly,Units,2019-Q3,335.38
Sweden,Consumer price index (CPI),All Items,Index,Quarterly,Units,2019-Q4,336.6933333
Sweden,Consumer price index (CPI),All Items,Index,Quarterly,Units,2020-Q1,333.7333333
Sweden,Consumer price index (CPI),All Items,Index,Quarterly,Units,2020-Q2,334.8833333
Sweden,Consumer price index (CPI),All Items,Index,Quarterly,Units,2020-Q3,337.3033333
Sweden,Consumer price index (CPI),All Items,Index,Quarterly,Units,2020-Q4,337.77
Sweden,Consumer price index (CPI),All Items,Index,Quarterly,Units,2021-Q1,338.88
Sweden,Consumer price index (CPI),All Items,Index,Quarterly,Units,2021-Q2,340.91
Sweden,Consumer price index (CPI),All Items,Index,Quarterly,Units,2021-Q3,343.9866667
Sweden,Consumer price index (CPI),All Items,Index,Quarterly,Units,2021-Q4,348.98
Sweden,Consumer price index (CPI),All Items,Index,Quarterly,Units,2022-Q1,354.64
Sweden,Consumer price index (CPI),All Items,Index,Quarterly,Units,2022-Q2,366.2633333
Sweden,Consumer price index (CPI),All Items,Index,Quarterly,Units,2022-Q3,377.4333333
Sweden,Consumer price index (CPI),All Items,Index,Quarterly,Units,2022-Q4,389.31
Sweden,Consumer price index (CPI),All Items,Index,Quarterly,Units,2023-Q1,395.1333333
Sweden,Consumer price index (CPI),All Items,Index,Quarterly,Units,2023-Q2,402.2033333
Sweden,Consumer price index (CPI),All Items,Index,Quarterly,Units,2023-Q3,406.5633333
Sweden,Consumer price index (CPI),All Items,Index,Quarterly,Units,2023-Q4,410.92
